Date,BTC_Yield,Monday,Tuesday,Wednesday,Thursday,Friday,Saturday,Sunday
2015/4/1,0.012480,0,0,1,0,0,0,0
2015/4/2,0.023185,0,0,0,1,0,0,0
2015/4/3,0.005205,0,0,0,0,1,0,0
2015/4/4,-0.002458,0,0,0,0,0,1,0
2015/4/5,0.027202,0,0,0,0,0,0,1
2015/4/6,-0.019593,1,0,0,0,0,0,0
2015/4/7,-0.009049,0,1,0,0,0,0,0
2015/4/8,-0.032222,0,0,1,0,0,0,0
2015/4/9,-0.005493,0,0,0,1,0,0,0
2015/4/10,-0.031205,0,0,0,0,1,0,0
2015/4/11,0.002033,0,0,0,0,0,1,0
2015/4/12,-0.001687,0,0,0,0,0,0,1
2015/4/13,-0.048977,1,0,0,0,0,0,0
2015/4/14,-0.024169,0,1,0,0,0,0,0
2015/4/15,0.021327,0,0,1,0,0,0,0
2015/4/16,0.021177,0,0,0,1,0,0,0
2015/4/17,-0.024898,0,0,0,0,1,0,0
2015/4/18,0.002127,0,0,0,0,0,1,0
2015/4/19,-0.003385,0,0,0,0,0,0,1
2015/4/20,0.009102,1,0,0,0,0,0,0
2015/4/21,0.047381,0,1,0,0,0,0,0
2015/4/22,-0.004646,0,0,1,0,0,0,0
2015/4/23,0.009762,0,0,0,1,0,0,0
2015/4/24,-0.021965,0,0,0,0,1,0,0
2015/4/25,-0.021092,0,0,0,0,0,1,0
2015/4/26,-0.030743,0,0,0,0,0,0,1
2015/4/27,0.044916,1,0,0,0,0,0,0
2015/4/28,-0.014964,0,1,0,0,0,0,0
2015/4/29,-0.000208,0,0,1,0,0,0,0
2015/4/30,0.045778,0,0,0,1,0,0,0
2015/5/1,-0.017218,0,0,0,0,1,0,0
2015/5/2,0.012285,0,0,0,0,0,1,0
2015/5/3,0.023105,0,0,0,0,0,0,1
2015/5/4,-0.005575,1,0,0,0,0,0,0
2015/5/5,-0.012120,0,1,0,0,0,0,0
2015/5/6,-0.026846,0,0,1,0,0,0,0
2015/5/7,0.032866,0,0,0,1,0,0,0
2015/5/8,0.027510,0,0,0,0,1,0,0
2015/5/9,-0.008328,0,0,0,0,0,1,0
2015/5/10,-0.006352,0,0,0,0,0,0,1
2015/5/11,0.007749,1,0,0,0,0,0,0
2015/5/12,-0.004320,0,1,0,0,0,0,0
2015/5/13,-0.019638,0,0,1,0,0,0,0
2015/5/14,0.002335,0,0,0,1,0,0,0
2015/5/15,0.002853,0,0,0,0,1,0,0
2015/5/16,-0.006111,0,0,0,0,0,1,0
2015/5/17,0.002748,0,0,0,0,0,0,1
2015/5/18,-0.015515,1,0,0,0,0,0,0
2015/5/19,-0.005066,0,1,0,0,0,0,0
2015/5/20,0.008929,0,0,1,0,0,0,0
2015/5/21,0.005666,0,0,0,1,0,0,0
2015/5/22,0.021263,0,0,0,0,1,0,0
2015/5/23,-0.006141,0,0,0,0,0,1,0
2015/5/24,0.008712,0,0,0,0,0,0,1
2015/5/25,-0.015949,1,0,0,0,0,0,0
2015/5/26,0.000025,0,1,0,0,0,0,0
2015/5/27,0.000704,0,0,1,0,0,0,0
2015/5/28,0.000527,0,0,0,1,0,0,0
2015/5/29,-0.001314,0,0,0,0,1,0,0
2015/5/30,-0.015821,0,0,0,0,0,1,0
2015/5/31,-0.013521,0,0,0,0,0,0,1
2015/6/1,-0.031557,1,0,0,0,0,0,0
2015/6/2,0.012906,0,1,0,0,0,0,0
2015/6/3,0.000314,0,0,1,0,0,0,0
2015/6/4,-0.006862,0,0,0,1,0,0,0
2015/6/5,0.002799,0,0,0,0,1,0,0
2015/6/6,0.002965,0,0,0,0,0,1,0
2015/6/7,-0.012136,0,0,0,0,0,0,1
2015/6/8,0.025161,1,0,0,0,0,0,0
2015/6/9,0.002447,0,1,0,0,0,0,0
2015/6/10,-0.001070,0,0,1,0,0,0,0
2015/6/11,0.003942,0,0,0,1,0,0,0
2015/6/12,0.001206,0,0,0,0,1,0,0
2015/6/13,0.010523,0,0,0,0,0,1,0
2015/6/14,0.004910,0,0,0,0,0,0,1
2015/6/15,0.014045,1,0,0,0,0,0,0
2015/6/16,0.059420,0,1,0,0,0,0,0
2015/6/17,-0.006421,0,0,1,0,0,0,0
2015/6/18,-0.001111,0,0,0,1,0,0,0
2015/6/19,-0.017674,0,0,0,0,1,0,0
2015/6/20,0.002477,0,0,0,0,0,1,0
2015/6/21,-0.005171,0,0,0,0,0,0,1
2015/6/22,0.012486,1,0,0,0,0,0,0
2015/6/23,-0.010907,0,1,0,0,0,0,0
2015/6/24,-0.015477,0,0,1,0,0,0,0
2015/6/25,0.009496,0,0,0,1,0,0,0
2015/6/26,0.003274,0,0,0,0,1,0,0
2015/6/27,0.030362,0,0,0,0,0,1,0
2015/6/28,-0.007885,0,0,0,0,0,0,1
2015/6/29,0.032340,1,0,0,0,0,0,0
2015/6/30,0.023372,0,1,0,0,0,0,0
2015/7/1,-0.016919,0,0,1,0,0,0,0
2015/7/2,-0.012408,0,0,0,1,0,0,0
2015/7/3,0.003618,0,0,0,0,1,0,0
2015/7/4,0.017750,0,0,0,0,0,1,0
2015/7/5,0.042268,0,0,0,0,0,0,1
2015/7/6,-0.010603,1,0,0,0,0,0,0
2015/7/7,-0.010493,0,1,0,0,0,0,0
2015/7/8,0.017197,0,0,1,0,0,0,0
2015/7/9,-0.005750,0,0,0,1,0,0,0
2015/7/10,0.058189,0,0,0,0,1,0,0
2015/7/11,0.028856,0,0,0,0,0,1,0
2015/7/12,0.060563,0,0,0,0,0,0,1
2015/7/13,-0.060518,1,0,0,0,0,0,0
2015/7/14,-0.015716,0,1,0,0,0,0,0
2015/7/15,-0.005688,0,0,1,0,0,0,0
2015/7/16,-0.027079,0,0,0,1,0,0,0
2015/7/17,0.004973,0,0,0,0,1,0,0
2015/7/18,-0.016356,0,0,0,0,0,1,0
2015/7/19,-0.004682,0,0,0,0,0,0,1
2015/7/20,0.019615,1,0,0,0,0,0,0
2015/7/21,-0.011284,0,1,0,0,0,0,0
2015/7/22,0.005036,0,0,1,0,0,0,0
2015/7/23,-0.004231,0,0,0,1,0,0,0
2015/7/24,0.044300,0,0,0,0,1,0,0
2015/7/25,0.001453,0,0,0,0,0,1,0
2015/7/26,0.013817,0,0,0,0,0,0,1
2015/7/27,0.003205,1,0,0,0,0,0,0
2015/7/28,0.002735,0,1,0,0,0,0,0
2015/7/29,-0.016429,0,0,1,0,0,0,0
2015/7/30,-0.006451,0,0,0,1,0,0,0
2015/7/31,-0.010677,0,0,0,0,1,0,0
2015/8/1,-0.010711,0,0,0,0,0,1,0
2015/8/2,0.003597,0,0,0,0,0,0,1
2015/8/3,-0.004908,1,0,0,0,0,0,0
2015/8/4,0.014191,0,1,0,0,0,0,0
2015/8/5,-0.011696,0,0,1,0,0,0,0
2015/8/6,-0.011725,0,0,0,1,0,0,0
2015/8/7,0.003618,0,0,0,0,1,0,0
2015/8/8,-0.066484,0,0,0,0,0,1,0
2015/8/9,0.015655,0,0,0,0,0,0,1
2015/8/10,-0.002313,1,0,0,0,0,0,0
2015/8/11,0.022369,0,1,0,0,0,0,0
2015/8/12,-0.014831,0,0,1,0,0,0,0
2015/8/13,-0.008619,0,0,0,1,0,0,0
2015/8/14,0.006059,0,0,0,0,1,0,0
2015/8/15,-0.015541,0,0,0,0,0,1,0
2015/8/16,-0.011638,0,0,0,0,0,0,1
2015/8/17,-0.002054,1,0,0,0,0,0,0
2015/8/18,-0.181788,0,1,0,0,0,0,0
2015/8/19,0.073930,0,0,1,0,0,0,0
2015/8/20,0.038229,0,0,0,1,0,0,0
2015/8/21,-0.011816,0,0,0,0,1,0,0
2015/8/22,-0.009369,0,0,0,0,0,1,0
2015/8/23,-0.009640,0,0,0,0,0,0,1
2015/8/24,-0.077460,1,0,0,0,0,0,0
2015/8/25,0.052799,0,1,0,0,0,0,0
2015/8/26,0.019052,0,0,1,0,0,0,0
2015/8/27,-0.004703,0,0,0,1,0,0,0
2015/8/28,0.029484,0,0,0,0,1,0,0
2015/8/29,-0.006984,0,0,0,0,0,1,0
2015/8/30,-0.004435,0,0,0,0,0,0,1
2015/8/31,0.005661,1,0,0,0,0,0,0
2015/9/1,-0.008411,0,1,0,0,0,0,0
2015/9/2,0.005098,0,0,1,0,0,0,0
2015/9/3,-0.009163,0,0,0,1,0,0,0
2015/9/4,0.013711,0,0,0,0,1,0,0
2015/9/5,0.020499,0,0,0,0,0,1,0
2015/9/6,0.020513,0,0,0,0,0,0,1
2015/9/7,0.000029,1,0,0,0,0,0,0
2015/9/8,0.015677,0,1,0,0,0,0,0
2015/9/9,-0.022327,0,0,1,0,0,0,0
2015/9/10,0.001297,0,0,0,1,0,0,0
2015/9/11,0.006835,0,0,0,0,1,0,0
2015/9/12,-0.020316,0,0,0,0,0,1,0
2015/9/13,-0.020053,0,0,0,0,0,0,1
2015/9/14,0.000573,1,0,0,0,0,0,0
2015/9/15,-0.001474,0,1,0,0,0,0,0
2015/9/16,-0.005267,0,0,1,0,0,0,0
2015/9/17,0.003138,0,0,0,1,0,0,0
2015/9/18,0.013772,0,0,0,0,1,0,0
2015/9/19,-0.006361,0,0,0,0,0,1,0
2015/9/20,-0.001214,0,0,0,0,0,0,1
2015/9/21,-0.017849,1,0,0,0,0,0,0
2015/9/22,0.015558,0,1,0,0,0,0,0
2015/9/23,-0.001453,0,0,1,0,0,0,0
2015/9/24,0.018438,0,0,0,1,0,0,0
2015/9/25,0.002622,0,0,0,0,1,0,0
2015/9/26,-0.003419,0,0,0,0,0,1,0
2015/9/27,-0.006755,0,0,0,0,0,0,1
2015/9/28,0.027432,1,0,0,0,0,0,0
2015/9/29,-0.010266,0,1,0,0,0,0,0
2015/9/30,-0.002649,0,0,1,0,0,0,0
2015/10/1,0.006308,0,0,0,1,0,0,0
2015/10/2,-0.001078,0,0,0,0,1,0,0
2015/10/3,0.006056,0,0,0,0,0,1,0
2015/10/4,-0.001973,0,0,0,0,0,0,1
2015/10/5,0.008915,1,0,0,0,0,0,0
2015/10/6,0.023629,0,1,0,0,0,0,0
2015/10/7,-0.012574,0,0,1,0,0,0,0
2015/10/8,-0.002737,0,0,0,1,0,0,0
2015/10/9,0.006715,0,0,0,0,1,0,0
2015/10/10,0.004140,0,0,0,0,0,1,0
2015/10/11,0.008610,0,0,0,0,0,0,1
2015/10/12,-0.007051,1,0,0,0,0,0,0
2015/10/13,0.017121,0,1,0,0,0,0,0
2015/10/14,0.009944,0,0,1,0,0,0,0
2015/10/15,0.009250,0,0,0,1,0,0,0
2015/10/16,0.033615,0,0,0,0,1,0,0
2015/10/17,0.029562,0,0,0,0,0,1,0
2015/10/18,-0.033243,0,0,0,0,0,0,1
2015/10/19,0.006857,1,0,0,0,0,0,0
2015/10/20,0.022875,0,1,0,0,0,0,0
2015/10/21,-0.011842,0,0,1,0,0,0,0
2015/10/22,0.029109,0,0,0,1,0,0,0
2015/10/23,0.009025,0,0,0,0,1,0,0
2015/10/24,0.018655,0,0,0,0,0,1,0
2015/10/25,0.007193,0,0,0,0,0,0,1
2015/10/26,0.005711,1,0,0,0,0,0,0
2015/10/27,0.029751,0,1,0,0,0,0,0
2015/10/28,0.036863,0,0,1,0,0,0,0
2015/10/29,0.030323,0,0,0,1,0,0,0
2015/10/30,0.045116,0,0,0,0,1,0,0
2015/10/31,-0.042221,0,0,0,0,0,1,0
2015/11/1,0.035857,0,0,0,0,0,0,1
2015/11/2,0.109879,1,0,0,0,0,0,0
2015/11/3,0.116914,0,1,0,0,0,0,0
2015/11/4,0.020192,0,0,1,0,0,0,0
2015/11/5,-0.061252,0,0,0,1,0,0,0
2015/11/6,-0.030759,0,0,0,0,1,0,0
2015/11/7,0.032077,0,0,0,0,0,1,0
2015/11/8,-0.033932,0,0,0,0,0,0,1
2015/11/9,0.018451,1,0,0,0,0,0,0
2015/11/10,-0.114233,0,1,0,0,0,0,0
2015/11/11,-0.076406,0,0,1,0,0,0,0
2015/11/12,0.087012,0,0,0,1,0,0,0
2015/11/13,-0.004137,0,0,0,0,1,0,0
2015/11/14,-0.011424,0,0,0,0,0,1,0
2015/11/15,-0.038269,0,0,0,0,0,0,1
2015/11/16,0.033061,1,0,0,0,0,0,0
2015/11/17,0.013131,0,1,0,0,0,0,0
2015/11/18,-0.001504,0,0,1,0,0,0,0
2015/11/19,-0.025228,0,0,0,1,0,0,0
2015/11/20,-0.012654,0,0,0,0,1,0,0
2015/11/21,0.015232,0,0,0,0,0,1,0
2015/11/22,-0.007314,0,0,0,0,0,0,1
2015/11/23,-0.004591,1,0,0,0,0,0,0
2015/11/24,-0.009287,0,1,0,0,0,0,0
2015/11/25,0.025496,0,0,1,0,0,0,0
2015/11/26,0.074581,0,0,0,1,0,0,0
2015/11/27,0.015192,0,0,0,0,1,0,0
2015/11/28,-0.001846,0,0,0,0,0,1,0
2015/11/29,0.038930,0,0,0,0,0,0,1
2015/11/30,0.016232,1,0,0,0,0,0,0
2015/12/1,-0.039311,0,1,0,0,0,0,0
2015/12/2,-0.009106,0,0,1,0,0,0,0
2015/12/3,0.005176,0,0,0,1,0,0,0
2015/12/4,0.005919,0,0,0,0,1,0,0
2015/12/5,0.070945,0,0,0,0,0,1,0
2015/12/6,-0.000427,0,0,0,0,0,0,1
2015/12/7,0.017370,1,0,0,0,0,0,0
2015/12/8,0.050632,0,1,0,0,0,0,0
2015/12/9,0.004813,0,0,1,0,0,0,0
2015/12/10,-0.004991,0,0,0,1,0,0,0
2015/12/11,0.087752,0,0,0,0,1,0,0
2015/12/12,-0.037485,0,0,0,0,0,1,0
2015/12/13,-0.002855,0,0,0,0,0,0,1
2015/12/14,0.024039,1,0,0,0,0,0,0
2015/12/15,0.047591,0,1,0,0,0,0,0
2015/12/16,-0.022322,0,0,1,0,0,0,0
2015/12/17,0.002515,0,0,0,1,0,0,0
2015/12/18,0.016528,0,0,0,0,1,0,0
2015/12/19,-0.002791,0,0,0,0,0,1,0
2015/12/20,-0.042475,0,0,0,0,0,0,1
2015/12/21,-0.009140,1,0,0,0,0,0,0
2015/12/22,-0.004712,0,1,0,0,0,0,0
2015/12/23,0.013352,0,0,1,0,0,0,0
2015/12/24,0.028445,0,0,0,1,0,0,0
2015/12/25,0.001468,0,0,0,0,1,0,0
2015/12/26,-0.084229,0,0,0,0,0,1,0
2015/12/27,0.013298,0,0,0,0,0,0,1
2015/12/28,-0.001287,1,0,0,0,0,0,0
2015/12/29,0.025348,0,1,0,0,0,0,0
2015/12/30,-0.014696,0,0,1,0,0,0,0
2015/12/31,0.009252,0,0,0,1,0,0,0
2016/1/1,0.008749,0,0,0,0,1,0,0
2016/1/2,-0.002063,0,0,0,0,0,1,0
2016/1/3,-0.007907,0,0,0,0,0,0,1
2016/1/4,0.007163,1,0,0,0,0,0,0
2016/1/5,-0.002611,0,1,0,0,0,0,0
2016/1/6,-0.006609,0,0,1,0,0,0,0
2016/1/7,0.067450,0,0,0,1,0,0,0
2016/1/8,-0.010519,0,0,0,0,1,0,0
2016/1/9,-0.012398,0,0,0,0,0,1,0
2016/1/10,0.000849,0,0,0,0,0,0,1
2016/1/11,0.000975,1,0,0,0,0,0,0
2016/1/12,-0.028406,0,1,0,0,0,0,0
2016/1/13,-0.007618,0,0,1,0,0,0,0
2016/1/14,-0.004776,0,0,0,1,0,0,0
2016/1/15,-0.153321,0,0,0,0,1,0,0
2016/1/16,0.063692,0,0,0,0,0,1,0
2016/1/17,-0.013514,0,0,0,0,0,0,1
2016/1/18,0.012736,1,0,0,0,0,0,0
2016/1/19,-0.018129,0,1,0,0,0,0,0
2016/1/20,0.105435,0,0,1,0,0,0,0
2016/1/21,-0.023720,0,0,0,1,0,0,0
2016/1/22,-0.067688,0,0,0,0,1,0,0
2016/1/23,0.013070,0,0,0,0,0,1,0
2016/1/24,0.039949,0,0,0,0,0,0,1
2016/1/25,-0.027905,1,0,0,0,0,0,0
2016/1/26,0.001090,0,1,0,0,0,0,0
2016/1/27,0.007188,0,0,1,0,0,0,0
2016/1/28,-0.037175,0,0,0,1,0,0,0
2016/1/29,-0.002143,0,0,0,0,1,0,0
2016/1/30,-0.003212,0,0,0,0,0,1,0
2016/1/31,-0.025084,0,0,0,0,0,0,1
2016/2/1,0.011631,1,0,0,0,0,0,0
2016/2/2,0.003731,0,1,0,0,0,0,0
2016/2/3,-0.012015,0,0,1,0,0,0,0
2016/2/4,0.053102,0,0,0,1,0,0,0
2016/2/5,-0.007816,0,0,0,0,1,0,0
2016/2/6,-0.025940,0,0,0,0,0,1,0
2016/2/7,0.000260,0,0,0,0,0,0,1
2016/2/8,-0.008425,1,0,0,0,0,0,0
2016/2/9,0.006914,0,1,0,0,0,0,0
2016/2/10,0.014946,0,0,1,0,0,0,0
2016/2/11,-0.005227,0,0,0,1,0,0,0
2016/2/12,0.012140,0,0,0,0,1,0,0
2016/2/13,0.019770,0,0,0,0,0,1,0
2016/2/14,0.039223,0,0,0,0,0,0,1
2016/2/15,-0.017300,1,0,0,0,0,0,0
2016/2/16,0.018249,0,1,0,0,0,0,0
2016/2/17,0.021679,0,0,1,0,0,0,0
2016/2/18,0.014534,0,0,0,1,0,0,0
2016/2/19,-0.003760,0,0,0,0,1,0,0
2016/2/20,0.038925,0,0,0,0,0,1,0
2016/2/21,0.003738,0,0,0,0,0,0,1
2016/2/22,-0.002393,1,0,0,0,0,0,0
2016/2/23,-0.038863,0,1,0,0,0,0,0
2016/2/24,0.010028,0,0,1,0,0,0,0
2016/2/25,-0.000967,0,0,0,1,0,0,0
2016/2/26,0.017920,0,0,0,0,1,0,0
2016/2/27,0.000849,0,0,0,0,0,1,0
2016/2/28,0.002277,0,0,0,0,0,0,1
2016/2/29,0.009672,1,0,0,0,0,0,0
2016/3/1,-0.005881,0,1,0,0,0,0,0
2016/3/2,-0.025588,0,0,1,0,0,0,0
2016/3/3,-0.005514,0,0,0,1,0,0,0
2016/3/4,-0.025405,0,0,0,0,1,0,0
2016/3/5,-0.025232,0,0,0,0,0,1,0
2016/3/6,0.017817,0,0,0,0,0,0,1
2016/3/7,0.016222,1,0,0,0,0,0,0
2016/3/8,-0.000842,0,1,0,0,0,0,0
2016/3/9,0.002145,0,0,1,0,0,0,0
2016/3/10,0.005474,0,0,0,1,0,0,0
2016/3/11,0.010929,0,0,0,0,1,0,0
2016/3/12,-0.023871,0,0,0,0,0,1,0
2016/3/13,0.005930,0,0,0,0,0,0,1
2016/3/14,0.005731,1,0,0,0,0,0,0
2016/3/15,0.000941,0,1,0,0,0,0,0
2016/3/16,0.000434,0,0,1,0,0,0,0
2016/3/17,0.008657,0,0,0,1,0,0,0
2016/3/18,-0.026325,0,0,0,0,1,0,0
2016/3/19,0.002188,0,0,0,0,0,1,0
2016/3/20,0.008067,0,0,0,0,0,0,1
2016/3/21,-0.001083,1,0,0,0,0,0,0
2016/3/22,0.011570,0,1,0,0,0,0,0
2016/3/23,-0.000115,0,0,1,0,0,0,0
2016/3/24,-0.003940,0,0,0,1,0,0,0
2016/3/25,0.001880,0,0,0,0,1,0,0
2016/3/26,0.001841,0,0,0,0,0,1,0
2016/3/27,0.021103,0,0,0,0,0,0,1
2016/3/28,-0.005938,1,0,0,0,0,0,0
2016/3/29,-0.018186,0,1,0,0,0,0,0
2016/3/30,-0.004081,0,0,1,0,0,0,0
2016/3/31,0.004612,0,0,0,1,0,0,0
2016/4/1,0.002954,0,0,0,0,1,0,0
2016/4/2,0.006970,0,0,0,0,0,1,0
2016/4/3,0.000074,0,0,0,0,0,0,1
2016/4/4,0.001283,1,0,0,0,0,0,0
2016/4/5,0.006136,0,1,0,0,0,0,0
2016/4/6,-0.001455,0,0,1,0,0,0,0
2016/4/7,-0.001578,0,0,0,1,0,0,0
2016/4/8,-0.005668,0,0,0,0,1,0,0
2016/4/9,-0.002231,0,0,0,0,0,1,0
2016/4/10,0.005133,0,0,0,0,0,0,1
2016/4/11,0.002180,1,0,0,0,0,0,0
2016/4/12,0.006407,0,1,0,0,0,0,0
2016/4/13,-0.003424,0,0,1,0,0,0,0
2016/4/14,0.001293,0,0,0,1,0,0,0
2016/4/15,0.012800,0,0,0,0,1,0,0
2016/4/16,0.001999,0,0,0,0,0,1,0
2016/4/17,-0.007369,0,0,0,0,0,0,1
2016/4/18,0.002789,1,0,0,0,0,0,0
2016/4/19,0.016141,0,1,0,0,0,0,0
2016/4/20,0.013501,0,0,1,0,0,0,0
2016/4/21,0.018206,0,0,0,1,0,0,0
2016/4/22,-0.008206,0,0,0,0,1,0,0
2016/4/23,0.010197,0,0,0,0,0,1,0
2016/4/24,0.018373,0,0,0,0,0,0,1
2016/4/25,0.006261,1,0,0,0,0,0,0
2016/4/26,0.010106,0,1,0,0,0,0,0
2016/4/27,-0.045918,0,0,1,0,0,0,0
2016/4/28,0.009724,0,0,0,1,0,0,0
2016/4/29,0.013554,0,0,0,0,1,0,0
2016/4/30,-0.014896,0,0,0,0,0,1,0
2016/5/1,0.007934,0,0,0,0,0,0,1
2016/5/2,-0.015947,1,0,0,0,0,0,0
2016/5/3,0.012672,0,1,0,0,0,0,0
2016/5/4,-0.007955,0,0,1,0,0,0,0
2016/5/5,0.002807,0,0,0,1,0,0,0
2016/5/6,0.025954,0,0,0,0,1,0,0
2016/5/7,-0.002322,0,0,0,0,0,1,0
2016/5/8,0.000026,0,0,0,0,0,0,1
2016/5/9,0.004220,1,0,0,0,0,0,0
2016/5/10,-0.020822,0,1,0,0,0,0,0
2016/5/11,0.004065,0,0,1,0,0,0,0
2016/5/12,0.004502,0,0,0,1,0,0,0
2016/5/13,0.001988,0,0,0,0,1,0,0
2016/5/14,0.000002,0,0,0,0,0,1,0
2016/5/15,0.004163,0,0,0,0,0,0,1
2016/5/16,-0.007442,1,0,0,0,0,0,0
2016/5/17,-0.000837,0,1,0,0,0,0,0
2016/5/18,0.001842,0,0,1,0,0,0,0
2016/5/19,-0.034983,0,0,0,1,0,0,0
2016/5/20,0.009029,0,0,0,0,1,0,0
2016/5/21,0.001157,0,0,0,0,0,1,0
2016/5/22,-0.008721,0,0,0,0,0,0,1
2016/5/23,0.010999,1,0,0,0,0,0,0
2016/5/24,0.004111,0,1,0,0,0,0,0
2016/5/25,0.008112,0,0,1,0,0,0,0
2016/5/26,0.008419,0,0,0,1,0,0,0
2016/5/27,0.044289,0,0,0,0,1,0,0
2016/5/28,0.119494,0,0,0,0,0,1,0
2016/5/29,-0.007182,0,0,0,0,0,0,1
2016/5/30,0.014501,1,0,0,0,0,0,0
2016/5/31,-0.004642,0,1,0,0,0,0,0
2016/6/1,0.010414,0,0,1,0,0,0,0
2016/6/2,0.001959,0,0,0,1,0,0,0
2016/6/3,0.058036,0,0,0,0,1,0,0
2016/6/4,0.006207,0,0,0,0,0,1,0
2016/6/5,0.003929,0,0,0,0,0,0,1
2016/6/6,0.018366,1,0,0,0,0,0,0
2016/6/7,-0.015268,0,1,0,0,0,0,0
2016/6/8,0.008755,0,0,1,0,0,0,0
2016/6/9,-0.012061,0,0,0,1,0,0,0
2016/6/10,0.004942,0,0,0,0,1,0,0
2016/6/11,0.050664,0,0,0,0,0,1,0
2016/6/12,0.108874,0,0,0,0,0,0,1
2016/6/13,0.046957,1,0,0,0,0,0,0
2016/6/14,-0.026714,0,1,0,0,0,0,0
2016/6/15,0.012997,0,0,1,0,0,0,0
2016/6/16,0.103444,0,0,0,1,0,0,0
2016/6/17,-0.022705,0,0,0,0,1,0,0
2016/6/18,0.009772,0,0,0,0,0,1,0
2016/6/19,0.009989,0,0,0,0,0,0,1
2016/6/20,-0.034768,1,0,0,0,0,0,0
2016/6/21,-0.095729,0,1,0,0,0,0,0
2016/6/22,-0.105806,0,0,1,0,0,0,0
2016/6/23,0.046737,0,0,0,1,0,0,0
2016/6/24,0.066224,0,0,0,0,1,0,0
2016/6/25,-0.000265,0,0,0,0,0,1,0
2016/6/26,-0.053758,0,0,0,0,0,0,1
2016/6/27,0.041165,1,0,0,0,0,0,0
2016/6/28,-0.012627,0,1,0,0,0,0,0
2016/6/29,-0.010991,0,0,1,0,0,0,0
2016/6/30,0.052270,0,0,0,1,0,0,0
2016/7/1,0.004395,0,0,0,0,1,0,0
2016/7/2,0.040524,0,0,0,0,0,1,0
2016/7/3,-0.064002,0,0,0,0,0,0,1
2016/7/4,0.037953,1,0,0,0,0,0,0
2016/7/5,-0.019066,0,1,0,0,0,0,0
2016/7/6,0.009997,0,0,1,0,0,0,0
2016/7/7,-0.054285,0,0,0,1,0,0,0
2016/7/8,0.040528,0,0,0,0,1,0,0
2016/7/9,-0.023350,0,0,0,0,0,1,0
2016/7/10,-0.002458,0,0,0,0,0,0,1
2016/7/11,-0.002619,1,0,0,0,0,0,0
2016/7/12,0.026082,0,1,0,0,0,0,0
2016/7/13,-0.015173,0,0,1,0,0,0,0
2016/7/14,0.005516,0,0,0,1,0,0,0
2016/7/15,0.007867,0,0,0,0,1,0,0
2016/7/16,-0.003751,0,0,0,0,0,1,0
2016/7/17,0.028288,0,0,0,0,0,0,1
2016/7/18,-0.009350,1,0,0,0,0,0,0
2016/7/19,-0.000360,0,1,0,0,0,0,0
2016/7/20,-0.010669,0,0,1,0,0,0,0
2016/7/21,-0.001011,0,0,0,1,0,0,0
2016/7/22,-0.021643,0,0,0,0,1,0,0
2016/7/23,0.007588,0,0,0,0,0,1,0
2016/7/24,0.008739,0,0,0,0,0,0,1
2016/7/25,-0.010870,1,0,0,0,0,0,0
2016/7/26,-0.003536,0,1,0,0,0,0,0
2016/7/27,0.003940,0,0,1,0,0,0,0
2016/7/28,0.001044,0,0,0,1,0,0,0
2016/7/29,0.002988,0,0,0,0,1,0,0
2016/7/30,-0.002960,0,0,0,0,0,1,0
2016/7/31,-0.046357,0,0,0,0,0,0,1
2016/8/1,-0.029470,1,0,0,0,0,0,0
2016/8/2,-0.096998,0,1,0,0,0,0,0
2016/8/3,0.034504,0,0,1,0,0,0,0
2016/8/4,0.021072,0,0,0,1,0,0,0
2016/8/5,-0.005613,0,0,0,0,1,0,0
2016/8/6,0.022146,0,0,0,0,0,1,0
2016/8/7,0.008357,0,0,0,0,0,0,1
2016/8/8,-0.002760,1,0,0,0,0,0,0
2016/8/9,-0.005504,0,1,0,0,0,0,0
2016/8/10,0.007319,0,0,1,0,0,0,0
2016/8/11,-0.005038,0,0,0,1,0,0,0
2016/8/12,-0.002650,0,0,0,0,1,0,0
2016/8/13,-0.003355,0,0,0,0,0,1,0
2016/8/14,-0.025812,0,0,0,0,0,0,1
2016/8/15,-0.005667,1,0,0,0,0,0,0
2016/8/16,0.017980,0,1,0,0,0,0,0
2016/8/17,-0.007313,0,0,1,0,0,0,0
2016/8/18,0.001922,0,0,0,1,0,0,0
2016/8/19,0.002284,0,0,0,0,1,0,0
2016/8/20,0.010540,0,0,0,0,0,1,0
2016/8/21,-0.000669,0,0,0,0,0,0,1
2016/8/22,0.009367,1,0,0,0,0,0,0
2016/8/23,-0.005689,0,1,0,0,0,0,0
2016/8/24,-0.005541,0,0,1,0,0,0,0
2016/8/25,-0.004173,0,0,0,1,0,0,0
2016/8/26,0.003271,0,0,0,0,1,0,0
2016/8/27,-0.016741,0,0,0,0,0,1,0
2016/8/28,0.006957,0,0,0,0,0,0,1
2016/8/29,0.000340,1,0,0,0,0,0,0
2016/8/30,0.005915,0,1,0,0,0,0,0
2016/8/31,-0.003517,0,0,1,0,0,0,0
2016/9/1,-0.005507,0,0,0,1,0,0,0
2016/9/2,0.005651,0,0,0,0,1,0,0
2016/9/3,0.039398,0,0,0,0,0,1,0
2016/9/4,0.017422,0,0,0,0,0,0,1
2016/9/5,-0.003358,1,0,0,0,0,0,0
2016/9/6,0.006340,0,1,0,0,0,0,0
2016/9/7,0.006730,0,0,1,0,0,0,0
2016/9/8,0.019156,0,0,0,1,0,0,0
2016/9/9,-0.005516,0,0,0,0,1,0,0
2016/9/10,0.001040,0,0,0,0,0,1,0
2016/9/11,-0.026928,0,0,0,0,0,0,1
2016/9/12,0.002512,1,0,0,0,0,0,0
2016/9/13,0.001641,0,1,0,0,0,0,0
2016/9/14,0.002369,0,0,1,0,0,0,0
2016/9/15,-0.005779,0,0,0,1,0,0,0
2016/9/16,-0.000300,0,0,0,0,1,0,0
2016/9/17,-0.001629,0,0,0,0,0,1,0
2016/9/18,0.006419,0,0,0,0,0,0,1
2016/9/19,-0.001061,1,0,0,0,0,0,0
2016/9/20,-0.001502,0,1,0,0,0,0,0
2016/9/21,-0.018351,0,0,1,0,0,0,0
2016/9/22,-0.001425,0,0,0,1,0,0,0
2016/9/23,0.010974,0,0,0,0,1,0,0
2016/9/24,-0.000360,0,0,0,0,0,1,0
2016/9/25,-0.002985,0,0,0,0,0,0,1
2016/9/26,0.012012,1,0,0,0,0,0,0
2016/9/27,-0.003087,0,1,0,0,0,0,0
2016/9/28,-0.002372,0,0,1,0,0,0,0
2016/9/29,0.001596,0,0,0,1,0,0,0
2016/9/30,0.006673,0,0,0,0,1,0,0
2016/10/1,0.006967,0,0,0,0,0,1,0
2016/10/2,-0.005034,0,0,0,0,0,0,1
2016/10/3,0.002031,1,0,0,0,0,0,0
2016/10/4,-0.003151,0,1,0,0,0,0,0
2016/10/5,0.003781,0,0,1,0,0,0,0
2016/10/6,0.000833,0,0,0,1,0,0,0
2016/10/7,0.006688,0,0,0,0,1,0,0
2016/10/8,0.003220,0,0,0,0,0,1,0
2016/10/9,-0.003805,0,0,0,0,0,0,1
2016/10/10,0.003635,1,0,0,0,0,0,0
2016/10/11,0.035668,0,1,0,0,0,0,0
2016/10/12,-0.007612,0,0,1,0,0,0,0
2016/10/13,0.000934,0,0,0,1,0,0,0
2016/10/14,0.005641,0,0,0,0,1,0,0
2016/10/15,-0.002705,0,0,0,0,0,1,0
2016/10/16,0.004674,0,0,0,0,0,0,1
2016/10/17,-0.003800,1,0,0,0,0,0,0
2016/10/18,-0.001929,0,1,0,0,0,0,0
2016/10/19,-0.011662,0,0,1,0,0,0,0
2016/10/20,0.000534,0,0,0,1,0,0,0
2016/10/21,0.003124,0,0,0,0,1,0,0
2016/10/22,0.038661,0,0,0,0,0,1,0
2016/10/23,-0.000339,0,0,0,0,0,0,1
2016/10/24,-0.005038,1,0,0,0,0,0,0
2016/10/25,0.005854,0,1,0,0,0,0,0
2016/10/26,0.031503,0,0,1,0,0,0,0
2016/10/27,0.014756,0,0,0,1,0,0,0
2016/10/28,0.001944,0,0,0,0,1,0,0
2016/10/29,0.036001,0,0,0,0,0,1,0
2016/10/30,-0.017656,0,0,0,0,0,0,1
2016/10/31,-0.001271,1,0,0,0,0,0,0
2016/11/1,0.041116,0,1,0,0,0,0,0
2016/11/2,0.015122,0,0,1,0,0,0,0
2016/11/3,-0.070366,0,0,0,1,0,0,0
2016/11/4,0.021105,0,0,0,0,1,0,0
2016/11/5,0.000260,0,0,0,0,0,1,0
2016/11/6,0.011521,0,0,0,0,0,0,1
2016/11/7,-0.011793,1,0,0,0,0,0,0
2016/11/8,0.009553,0,1,0,0,0,0,0
2016/11/9,0.018912,0,0,1,0,0,0,0
2016/11/10,-0.010700,0,0,0,1,0,0,0
2016/11/11,0.001226,0,0,0,0,1,0,0
2016/11/12,-0.015853,0,0,0,0,0,1,0
2016/11/13,-0.004288,0,0,0,0,0,0,1
2016/11/14,0.004259,1,0,0,0,0,0,0
2016/11/15,0.009359,0,1,0,0,0,0,0
2016/11/16,0.045781,0,0,1,0,0,0,0
2016/11/17,-0.004328,0,0,0,1,0,0,0
2016/11/18,0.014316,0,0,0,0,1,0,0
2016/11/19,0.000041,0,0,0,0,0,1,0
2016/11/20,-0.027394,0,0,0,0,0,0,1
2016/11/21,0.011247,1,0,0,0,0,0,0
2016/11/22,0.016367,0,1,0,0,0,0,0
2016/11/23,-0.008988,0,0,1,0,0,0,0
2016/11/24,-0.005782,0,0,0,1,0,0,0
2016/11/25,0.001837,0,0,0,0,1,0,0
2016/11/26,-0.008450,0,0,0,0,0,1,0
2016/11/27,-0.004551,0,0,0,0,0,0,1
2016/11/28,0.005161,1,0,0,0,0,0,0
2016/11/29,-0.000284,0,1,0,0,0,0,0
2016/11/30,0.013713,0,0,1,0,0,0,0
2016/12/1,0.014863,0,0,0,1,0,0,0
2016/12/2,0.027974,0,0,0,0,1,0,0
2016/12/3,-0.008727,0,0,0,0,0,1,0
2016/12/4,0.003523,0,0,0,0,0,0,1
2016/12/5,-0.019605,1,0,0,0,0,0,0
2016/12/6,0.007281,0,1,0,0,0,0,0
2016/12/7,0.005114,0,0,1,0,0,0,0
2016/12/8,0.003486,0,0,0,1,0,0,0
2016/12/9,0.002574,0,0,0,0,1,0,0
2016/12/10,0.002402,0,0,0,0,0,1,0
2016/12/11,-0.006350,0,0,0,0,0,0,1
2016/12/12,0.013454,1,0,0,0,0,0,0
2016/12/13,0.000601,0,1,0,0,0,0,0
2016/12/14,0.001185,0,0,1,0,0,0,0
2016/12/15,-0.004342,0,0,0,1,0,0,0
2016/12/16,0.008764,0,0,0,0,1,0,0
2016/12/17,0.007545,0,0,0,0,0,1,0
2016/12/18,-0.000378,0,0,0,0,0,0,1
2016/12/19,0.002763,1,0,0,0,0,0,0
2016/12/20,0.010296,0,1,0,0,0,0,0
2016/12/21,0.041711,0,0,1,0,0,0,0
2016/12/22,0.036270,0,0,0,1,0,0,0
2016/12/23,0.066445,0,0,0,0,1,0,0
2016/12/24,-0.025122,0,0,0,0,0,1,0
2016/12/25,-0.002936,0,0,0,0,0,0,1
2016/12/26,0.012751,1,0,0,0,0,0,0
2016/12/27,0.028193,0,1,0,0,0,0,0
2016/12/28,0.045781,0,0,1,0,0,0,0
2016/12/29,-0.002484,0,0,0,1,0,0,0
2016/12/30,-0.012593,0,0,0,0,1,0,0
2016/12/31,0.002606,0,0,0,0,0,1,0
2017/1/1,0.035883,0,0,0,0,0,0,1
2017/1/2,0.023464,1,0,0,0,0,0,0
2017/1/3,0.021620,0,1,0,0,0,0,0
2017/1/4,0.106233,0,0,1,0,0,0,0
2017/1/5,-0.122410,0,0,0,1,0,0,0
2017/1/6,-0.109711,0,0,0,0,1,0,0
2017/1/7,0.007076,0,0,0,0,0,1,0
2017/1/8,0.002877,0,0,0,0,0,0,1
2017/1/9,-0.009187,1,0,0,0,0,0,0
2017/1/10,0.005373,0,1,0,0,0,0,0
2017/1/11,-0.143136,0,0,1,0,0,0,0
2017/1/12,0.034814,0,0,0,1,0,0,0
2017/1/13,0.023794,0,0,0,0,1,0,0
2017/1/14,-0.006762,0,0,0,0,0,1,0
2017/1/15,0.004137,0,0,0,0,0,0,1
2017/1/16,0.011847,1,0,0,0,0,0,0
2017/1/17,0.091883,0,1,0,0,0,0,0
2017/1/18,-0.023482,0,0,1,0,0,0,0
2017/1/19,0.014048,0,0,0,1,0,0,0
2017/1/20,-0.004501,0,0,0,0,1,0,0
2017/1/21,0.029902,0,0,0,0,0,1,0
2017/1/22,0.003129,0,0,0,0,0,0,1
2017/1/23,-0.003959,1,0,0,0,0,0,0
2017/1/24,-0.030754,0,1,0,0,0,0,0
2017/1/25,0.009919,0,0,1,0,0,0,0
2017/1/26,0.017796,0,0,0,1,0,0,0
2017/1/27,0.002358,0,0,0,0,1,0,0
2017/1/28,0.002001,0,0,0,0,0,1,0
2017/1/29,-0.002272,0,0,0,0,0,0,1
2017/1/30,0.000964,1,0,0,0,0,0,0
2017/1/31,0.054348,0,1,0,0,0,0,0
2017/2/1,0.019188,0,0,1,0,0,0,0
2017/2/2,0.023030,0,0,0,1,0,0,0
2017/2/3,0.017899,0,0,0,0,1,0,0
2017/2/4,0.012613,0,0,0,0,0,1,0
2017/2/5,-0.014920,0,0,0,0,0,0,1
2017/2/6,0.010522,1,0,0,0,0,0,0
2017/2/7,0.022347,0,1,0,0,0,0,0
2017/2/8,0.001621,0,0,1,0,0,0,0
2017/2/9,-0.064612,0,0,0,1,0,0,0
2017/2/10,-0.005741,0,0,0,0,1,0,0
2017/2/11,0.015957,0,0,0,0,0,1,0
2017/2/12,-0.005246,0,0,0,0,0,0,1
2017/2/13,-0.008546,1,0,0,0,0,0,0
2017/2/14,0.014039,0,1,0,0,0,0,0
2017/2/15,0.002917,0,0,1,0,0,0,0
2017/2/16,0.019812,0,0,0,1,0,0,0
2017/2/17,0.018269,0,0,0,0,1,0,0
2017/2/18,0.007847,0,0,0,0,0,1,0
2017/2/19,-0.006212,0,0,0,0,0,0,1
2017/2/20,0.030643,1,0,0,0,0,0,0
2017/2/21,0.032704,0,1,0,0,0,0,0
2017/2/22,0.001919,0,0,1,0,0,0,0
2017/2/23,0.044101,0,0,0,1,0,0,0
2017/2/24,0.005966,0,0,0,0,1,0,0
2017/2/25,-0.025424,0,0,0,0,0,1,0
2017/2/26,0.018674,0,0,0,0,0,0,1
2017/2/27,0.012676,1,0,0,0,0,0,0
2017/2/28,0.000000,0,1,0,0,0,0,0
2017/3/1,0.036043,0,0,1,0,0,0,0
2017/3/2,0.023321,0,0,0,1,0,0,0
2017/3/3,0.019168,0,0,0,0,1,0,0
2017/3/4,-0.015561,0,0,0,0,0,1,0
2017/3/5,0.009537,0,0,0,0,0,0,1
2017/3/6,0.004506,1,0,0,0,0,0,0
2017/3/7,-0.038725,0,1,0,0,0,0,0
2017/3/8,-0.060104,0,0,1,0,0,0,0
2017/3/9,0.033470,0,0,0,1,0,0,0
2017/3/10,-0.060388,0,0,0,0,1,0,0
2017/3/11,0.052932,0,0,0,0,0,1,0
2017/3/12,0.038739,0,0,0,0,0,0,1
2017/3/13,0.008630,1,0,0,0,0,0,0
2017/3/14,0.006559,0,1,0,0,0,0,0
2017/3/15,0.007750,0,0,1,0,0,0,0
2017/3/16,-0.049455,0,0,0,1,0,0,0
2017/3/17,-0.073732,0,0,0,0,1,0,0
2017/3/18,-0.114896,0,0,0,0,0,1,0
2017/3/19,0.064614,0,0,0,0,0,0,1
2017/3/20,0.016870,1,0,0,0,0,0,0
2017/3/21,0.062899,0,1,0,0,0,0,0
2017/3/22,-0.063719,0,0,1,0,0,0,0
2017/3/23,-0.010056,0,0,0,1,0,0,0
2017/3/24,-0.097315,0,0,0,0,1,0,0
2017/3/25,0.037609,0,0,0,0,0,1,0
2017/3/26,-0.006223,0,0,0,0,0,0,1
2017/3/27,0.081766,1,0,0,0,0,0,0
2017/3/28,0.001320,0,1,0,0,0,0,0
2017/3/29,-0.006857,0,0,1,0,0,0,0
2017/3/30,-0.013020,0,0,0,1,0,0,0
2017/3/31,0.044192,0,0,0,0,1,0,0
2017/4/1,0.008127,0,0,0,0,0,1,0
2017/4/2,0.020056,0,0,0,0,0,0,1
2017/4/3,0.037780,1,0,0,0,0,0,0
2017/4/4,-0.009232,0,1,0,0,0,0,0
2017/4/5,-0.007474,0,0,1,0,0,0,0
2017/4/6,0.051477,0,0,0,1,0,0,0
2017/4/7,-0.004887,0,0,0,0,1,0,0
2017/4/8,-0.000807,0,0,0,0,0,1,0
2017/4/9,0.010137,0,0,0,0,0,0,1
2017/4/10,-0.000623,1,0,0,0,0,0,0
2017/4/11,0.015062,0,1,0,0,0,0,0
2017/4/12,-0.003851,0,0,1,0,0,0,0
2017/4/13,-0.025900,0,0,0,1,0,0,0
2017/4/14,-0.001488,0,0,0,0,1,0,0
2017/4/15,0.004265,0,0,0,0,0,1,0
2017/4/16,0.008887,0,0,0,0,0,0,1
2017/4/17,0.009274,1,0,0,0,0,0,0
2017/4/18,0.014876,0,1,0,0,0,0,0
2017/4/19,-0.001139,0,0,1,0,0,0,0
2017/4/20,0.015525,0,0,0,1,0,0,0
2017/4/21,-0.005720,0,0,0,0,1,0,0
2017/4/22,0.007905,0,0,0,0,0,1,0
2017/4/23,-0.019891,0,0,0,0,0,0,1
2017/4/24,0.035570,1,0,0,0,0,0,0
2017/4/25,0.012271,0,1,0,0,0,0,0
2017/4/26,0.012319,0,0,1,0,0,0,0
2017/4/27,0.028609,0,0,0,1,0,0,0
2017/4/28,-0.000949,0,0,0,0,1,0,0
2017/4/29,0.004034,0,0,0,0,0,1,0
2017/4/30,0.019746,0,0,0,0,0,0,1
2017/5/1,0.054685,1,0,0,0,0,0,0
2017/5/2,0.021961,0,1,0,0,0,0,0
2017/5/3,0.025654,0,0,1,0,0,0,0
2017/5/4,0.031931,0,0,0,1,0,0,0
2017/5/5,0.011563,0,0,0,0,1,0,0
2017/5/6,0.015012,0,0,0,0,0,1,0
2017/5/7,0.011344,0,0,0,0,0,0,1
2017/5/8,0.079313,1,0,0,0,0,0,0
2017/5/9,0.018574,0,1,0,0,0,0,0
2017/5/10,0.018099,0,0,1,0,0,0,0
2017/5/11,0.034379,0,0,0,1,0,0,0
2017/5/12,-0.067257,0,0,0,0,1,0,0
2017/5/13,0.046786,0,0,0,0,0,1,0
2017/5/14,0.002216,0,0,0,0,0,0,1
2017/5/15,-0.038963,1,0,0,0,0,0,0
2017/5/16,-0.002289,0,1,0,0,0,0,0
2017/5/17,0.060330,0,0,1,0,0,0,0
2017/5/18,0.026948,0,0,0,1,0,0,0
2017/5/19,0.052450,0,0,0,0,1,0,0
2017/5/20,0.048810,0,0,0,0,0,1,0
2017/5/21,-0.020880,0,0,0,0,0,0,1
2017/5/22,0.064766,1,0,0,0,0,0,0
2017/5/23,0.067645,0,1,0,0,0,0,0
2017/5/24,0.053102,0,0,1,0,0,0,0
2017/5/25,-0.056743,0,0,0,1,0,0,0
2017/5/26,-0.044495,0,0,0,0,1,0,0
2017/5/27,-0.074259,0,0,0,0,0,1,0
2017/5/28,0.057350,0,0,0,0,0,0,1
2017/5/29,0.046298,1,0,0,0,0,0,0
2017/5/30,-0.035529,0,1,0,0,0,0,0
2017/5/31,0.050996,0,0,1,0,0,0,0
2017/6/1,0.053127,0,0,0,1,0,0,0
2017/6/2,0.033503,0,0,0,0,1,0,0
2017/6/3,0.010769,0,0,0,0,0,1,0
2017/6/4,-0.001407,0,0,0,0,0,0,1
2017/6/5,0.069671,1,0,0,0,0,0,0
2017/6/6,0.065650,0,1,0,0,0,0,0
2017/6/7,-0.045767,0,0,1,0,0,0,0
2017/6/8,0.026887,0,0,0,1,0,0,0
2017/6/9,0.006483,0,0,0,0,1,0,0
2017/6/10,0.043877,0,0,0,0,0,1,0
2017/6/11,0.003528,0,0,0,0,0,0,1
2017/6/12,-0.100902,1,0,0,0,0,0,0
2017/6/13,0.021578,0,1,0,0,0,0,0
2017/6/14,-0.077530,0,0,1,0,0,0,0
2017/6/15,-0.016674,0,0,0,1,0,0,0
2017/6/16,0.021902,0,0,0,0,1,0,0
2017/6/17,0.054523,0,0,0,0,0,1,0
2017/6/18,-0.040510,0,0,0,0,0,0,1
2017/6/19,0.016211,1,0,0,0,0,0,0
2017/6/20,0.051046,0,1,0,0,0,0,0
2017/6/21,-0.012010,0,0,1,0,0,0,0
2017/6/22,0.006065,0,0,0,1,0,0,0
2017/6/23,0.014600,0,0,0,0,1,0,0
2017/6/24,-0.049615,0,0,0,0,0,1,0
2017/6/25,-0.007402,0,0,0,0,0,0,1
2017/6/26,-0.042851,1,0,0,0,0,0,0
2017/6/27,0.029857,0,1,0,0,0,0,0
2017/6/28,0.008752,0,0,1,0,0,0,0
2017/6/29,-0.013776,0,0,0,1,0,0,0
2017/6/30,-0.023030,0,0,0,0,1,0,0
2017/7/1,-0.018659,0,0,0,0,0,1,0
2017/7/2,0.029541,0,0,0,0,0,0,1
2017/7/3,0.022977,1,0,0,0,0,0,0
2017/7/4,0.014656,0,1,0,0,0,0,0
2017/7/5,0.000135,0,0,1,0,0,0,0
2017/7/6,0.002525,0,0,0,1,0,0,0
2017/7/7,-0.034464,0,0,0,0,1,0,0
2017/7/8,0.020916,0,0,0,0,0,1,0
2017/7/9,-0.020573,0,0,0,0,0,0,1
2017/7/10,-0.057925,1,0,0,0,0,0,0
2017/7/11,-0.014655,0,1,0,0,0,0,0
2017/7/12,0.026114,0,0,1,0,0,0,0
2017/7/13,-0.017067,0,0,0,1,0,0,0
2017/7/14,-0.052827,0,0,0,0,1,0,0
2017/7/15,-0.104991,0,0,0,0,0,1,0
2017/7/16,-0.034540,0,0,0,0,0,0,1
2017/7/17,0.154724,1,0,0,0,0,0,0
2017/7/18,0.040598,0,1,0,0,0,0,0
2017/7/19,-0.019600,0,0,1,0,0,0,0
2017/7/20,0.239361,0,0,0,1,0,0,0
2017/7/21,-0.053180,0,0,0,0,1,0,0
2017/7/22,0.053363,0,0,0,0,0,1,0
2017/7/23,-0.028369,0,0,0,0,0,0,1
2017/7/24,0.008958,1,0,0,0,0,0,0
2017/7/25,-0.064751,0,1,0,0,0,0,0
2017/7/26,-0.018254,0,0,1,0,0,0,0
2017/7/27,0.056269,0,0,0,1,0,0,0
2017/7/28,0.051363,0,0,0,0,1,0,0
2017/7/29,-0.029391,0,0,0,0,0,1,0
2017/7/30,0.011271,0,0,0,0,0,0,1
2017/7/31,0.042855,1,0,0,0,0,0,0
2017/8/1,-0.054630,0,1,0,0,0,0,0
2017/8/2,-0.002792,0,0,1,0,0,0,0
2017/8/3,0.034700,0,0,0,1,0,0,0
2017/8/4,0.032502,0,0,0,0,1,0,0
2017/8/5,0.123285,0,0,0,0,0,1,0
2017/8/6,-0.011980,0,0,0,0,0,0,1
2017/8/7,0.051339,1,0,0,0,0,0,0
2017/8/8,0.012134,0,1,0,0,0,0,0
2017/8/9,-0.022652,0,0,1,0,0,0,0
2017/8/10,0.011611,0,0,0,1,0,0,0
2017/8/11,0.079656,0,0,0,0,1,0,0
2017/8/12,0.064123,0,0,0,0,0,1,0
2017/8/13,0.048536,0,0,0,0,0,0,1
2017/8/14,0.061835,1,0,0,0,0,0,0
2017/8/15,-0.033109,0,1,0,0,0,0,0
2017/8/16,0.046557,0,0,1,0,0,0,0
2017/8/17,-0.010268,0,0,0,1,0,0,0
2017/8/18,-0.039493,0,0,0,0,1,0,0
2017/8/19,0.007951,0,0,0,0,0,1,0
2017/8/20,-0.025286,0,0,0,0,0,0,1
2017/8/21,-0.021019,1,0,0,0,0,0,0
2017/8/22,0.024684,0,1,0,0,0,0,0
2017/8/23,0.012437,0,0,1,0,0,0,0
2017/8/24,0.044119,0,0,0,1,0,0,0
2017/8/25,0.008517,0,0,0,0,1,0,0
2017/8/26,-0.004392,0,0,0,0,0,1,0
2017/8/27,0.007003,0,0,0,0,0,0,1
2017/8/28,-0.000050,1,0,0,0,0,0,0
2017/8/29,0.044804,0,1,0,0,0,0,0
2017/8/30,-0.002996,0,0,1,0,0,0,0
2017/8/31,0.030248,0,0,0,1,0,0,0
2017/9/1,0.040103,0,0,0,0,1,0,0
2017/9/2,-0.064031,0,0,0,0,0,1,0
2017/9/3,0.000915,0,0,0,0,0,0,1
2017/9/4,-0.075639,1,0,0,0,0,0,0
2017/9/5,0.033099,0,1,0,0,0,0,0
2017/9/6,0.050403,0,0,1,0,0,0,0
2017/9/7,0.000600,0,0,0,1,0,0,0
2017/9/8,-0.080683,0,0,0,0,1,0,0
2017/9/9,-0.000636,0,0,0,0,0,1,0
2017/9/10,-0.024401,0,0,0,0,0,0,1
2017/9/11,0.009297,1,0,0,0,0,0,0
2017/9/12,-0.007320,0,1,0,0,0,0,0
2017/9/13,-0.060090,0,0,1,0,0,0,0
2017/9/14,-0.187411,0,0,0,1,0,0,0
2017/9/15,0.152956,0,0,0,0,1,0,0
2017/9/16,-0.003431,0,0,0,0,0,1,0
2017/9/17,-0.011630,0,0,0,0,0,0,1
2017/9/18,0.134618,1,0,0,0,0,0,0
2017/9/19,-0.034495,0,1,0,0,0,0,0
2017/9/20,-0.004846,0,0,1,0,0,0,0
2017/9/21,-0.070382,0,0,0,1,0,0,0
2017/9/22,-0.000094,0,0,0,0,1,0,0
2017/9/23,0.044537,0,0,0,0,0,1,0
2017/9/24,-0.028889,0,0,0,0,0,0,1
2017/9/25,0.066044,1,0,0,0,0,0,0
2017/9/26,-0.008589,0,1,0,0,0,0,0
2017/9/27,0.079212,0,0,1,0,0,0,0
2017/9/28,-0.006175,0,0,0,1,0,0,0
2017/9/29,-0.002793,0,0,0,0,1,0,0
2017/9/30,0.042190,0,0,0,0,0,1,0
2017/10/1,0.014988,0,0,0,0,0,0,1
2017/10/2,0.001267,1,0,0,0,0,0,0
2017/10/3,-0.020829,0,1,0,0,0,0,0
2017/10/4,-0.020410,0,0,1,0,0,0,0
2017/10/5,0.023420,0,0,0,1,0,0,0
2017/10/6,0.009796,0,0,0,0,1,0,0
2017/10/7,0.012831,0,0,0,0,0,1,0
2017/10/8,0.041472,0,0,0,0,0,0,1
2017/10/9,0.035038,1,0,0,0,0,0,0
2017/10/10,0.002089,0,1,0,0,0,0,0
2017/10/11,0.009304,0,0,1,0,0,0,0
2017/10/12,0.128547,0,0,0,1,0,0,0
2017/10/13,0.036773,0,0,0,0,1,0,0
2017/10/14,0.032685,0,0,0,0,0,1,0
2017/10/15,-0.026338,0,0,0,0,0,0,1
2017/10/16,0.008348,1,0,0,0,0,0,0
2017/10/17,-0.020973,0,1,0,0,0,0,0
2017/10/18,-0.002644,0,0,1,0,0,0,0
2017/10/19,0.021076,0,0,0,1,0,0,0
2017/10/20,0.053066,0,0,0,0,1,0,0
2017/10/21,0.003352,0,0,0,0,0,1,0
2017/10/22,-0.003843,0,0,0,0,0,0,1
2017/10/23,-0.012998,1,0,0,0,0,0,0
2017/10/24,-0.068070,0,1,0,0,0,0,0
2017/10/25,0.040560,0,0,1,0,0,0,0
2017/10/26,0.026784,0,0,0,1,0,0,0
2017/10/27,-0.020988,0,0,0,0,1,0,0
2017/10/28,-0.004811,0,0,0,0,0,1,0
2017/10/29,0.069660,0,0,0,0,0,0,1
2017/10/30,-0.003790,1,0,0,0,0,0,0
2017/10/31,0.055113,0,1,0,0,0,0,0
2017/11/1,0.046211,0,0,1,0,0,0,0
2017/11/2,0.045984,0,0,0,1,0,0,0
2017/11/3,0.018261,0,0,0,0,1,0,0
2017/11/4,0.023890,0,0,0,0,0,1,0
2017/11/5,0.003721,0,0,0,0,0,0,1
2017/11/6,-0.051928,1,0,0,0,0,0,0
2017/11/7,0.017318,0,1,0,0,0,0,0
2017/11/8,0.044134,0,0,1,0,0,0,0
2017/11/9,-0.042376,0,0,0,1,0,0,0
2017/11/10,-0.073554,0,0,0,0,1,0,0
2017/11/11,-0.039368,0,0,0,0,0,1,0
2017/11/12,-0.064101,0,0,0,0,0,0,1
2017/11/13,0.102422,1,0,0,0,0,0,0
2017/11/14,0.011626,0,1,0,0,0,0,0
2017/11/15,0.102444,0,0,1,0,0,0,0
2017/11/16,0.076023,0,0,0,1,0,0,0
2017/11/17,-0.020669,0,0,0,0,1,0,0
2017/11/18,0.010528,0,0,0,0,0,1,0
2017/11/19,0.031622,0,0,0,0,0,0,1
2017/11/20,0.020426,1,0,0,0,0,0,0
2017/11/21,-0.015777,0,1,0,0,0,0,0
2017/11/22,0.022585,0,0,1,0,0,0,0
2017/11/23,-0.026023,0,0,0,1,0,0,0
2017/11/24,0.026735,0,0,0,0,1,0,0
2017/11/25,0.065090,0,0,0,0,0,1,0
2017/11/26,0.061385,0,0,0,0,0,0,1
2017/11/27,0.052280,1,0,0,0,0,0,0
2017/11/28,0.024490,0,1,0,0,0,0,0
2017/11/29,-0.016919,0,0,1,0,0,0,0
2017/11/30,0.034888,0,0,0,1,0,0,0
2017/12/1,0.072506,0,0,0,0,1,0,0
2017/12/2,0.009020,0,0,0,0,0,1,0
2017/12/3,0.022448,0,0,0,0,0,0,1
2017/12/4,0.029497,1,0,0,0,0,0,0
2017/12/5,0.022261,0,1,0,0,0,0,0
2017/12/6,0.199283,0,0,1,0,0,0,0
2017/12/7,0.252472,0,0,0,1,0,0,0
2017/12/8,-0.074320,0,0,0,0,1,0,0
2017/12/9,-0.083962,0,0,0,0,0,1,0
2017/12/10,0.018263,0,0,0,0,0,0,1
2017/12/11,0.095850,1,0,0,0,0,0,0
2017/12/12,0.028258,0,1,0,0,0,0,0
2017/12/13,-0.057834,0,0,1,0,0,0,0
2017/12/14,0.009495,0,0,0,1,0,0,0
2017/12/15,0.068999,0,0,0,0,1,0,0
2017/12/16,0.101119,0,0,0,0,0,1,0
2017/12/17,-0.018290,0,0,0,0,0,0,1
2017/12/18,-0.001390,1,0,0,0,0,0,0
2017/12/19,-0.069974,0,1,0,0,0,0,0
2017/12/20,-0.064810,0,0,1,0,0,0,0
2017/12/21,-0.049427,0,0,0,1,0,0,0
2017/12/22,-0.124730,0,0,0,0,1,0,0
2017/12/23,0.062711,0,0,0,0,0,1,0
2017/12/24,-0.052615,0,0,0,0,0,0,1
2017/12/25,0.007238,1,0,0,0,0,0,0
2017/12/26,0.147805,0,1,0,0,0,0,0
2017/12/27,-0.016230,0,0,1,0,0,0,0
2017/12/28,-0.077785,0,0,0,1,0,0,0
2017/12/29,0.003403,0,0,0,0,1,0,0
2017/12/30,-0.116265,0,0,0,0,0,1,0
2017/12/31,0.092973,0,0,0,0,0,0,1
2018/1/1,-0.035263,1,0,0,0,0,0,0
2018/1/2,0.097011,0,1,0,0,0,0,0
2018/1/3,0.014611,0,0,1,0,0,0,0
2018/1/4,0.026196,0,0,0,1,0,0,0
2018/1/5,0.117333,0,0,0,0,1,0,0
2018/1/6,0.005594,0,0,0,0,0,1,0
2018/1/7,-0.059873,0,0,0,0,0,0,1
2018/1/8,-0.079350,1,0,0,0,0,0,0
2018/1/9,-0.037884,0,1,0,0,0,0,0
2018/1/10,0.025892,0,0,1,0,0,0,0
2018/1/11,-0.104686,0,0,0,1,0,0,0
2018/1/12,0.042877,0,0,0,0,1,0,0
2018/1/13,0.027152,0,0,0,0,0,1,0
2018/1/14,-0.040960,0,0,0,0,0,0,1
2018/1/15,0.003471,1,0,0,0,0,0,0
2018/1/16,-0.168548,0,1,0,0,0,0,0
2018/1/17,-0.026274,0,0,1,0,0,0,0
2018/1/18,0.025589,0,0,0,1,0,0,0
2018/1/19,0.011547,0,0,0,0,1,0,0
2018/1/20,0.111291,0,0,0,0,0,1,0
2018/1/21,-0.100712,0,0,0,0,0,0,1
2018/1/22,-0.057646,1,0,0,0,0,0,0
2018/1/23,-0.005763,0,1,0,0,0,0,0
2018/1/24,0.045177,0,0,1,0,0,0,0
2018/1/25,-0.008803,0,0,0,1,0,0,0
2018/1/26,-0.007816,0,0,0,0,1,0,0
2018/1/27,0.024106,0,0,0,0,0,1,0
2018/1/28,0.030208,0,0,0,0,0,0,1
2018/1/29,-0.041565,1,0,0,0,0,0,0
2018/1/30,-0.105352,0,1,0,0,0,0,0
2018/1/31,0.011359,0,0,1,0,0,0,0
2018/2/1,-0.102783,0,0,0,1,0,0,0
2018/2/2,-0.037052,0,0,0,0,1,0,0
2018/2/3,0.038973,0,0,0,0,0,1,0
2018/2/4,-0.097865,0,0,0,0,0,0,1
2018/2/5,-0.159688,1,0,0,0,0,0,0
2018/2/6,0.114838,0,1,0,0,0,0,0
2018/2/7,-0.017114,0,0,1,0,0,0,0
2018/2/8,0.084538,0,0,0,1,0,0,0
2018/2/9,0.057030,0,0,0,0,1,0,0
2018/2/10,-0.013172,0,0,0,0,0,1,0
2018/2/11,-0.057056,0,0,0,0,0,0,1
2018/2/12,0.097983,1,0,0,0,0,0,0
2018/2/13,-0.036773,0,1,0,0,0,0,0
2018/2/14,0.104244,0,0,1,0,0,0,0
2018/2/15,0.070753,0,0,0,1,0,0,0
2018/2/16,0.006640,0,0,0,0,1,0,0
2018/2/17,0.085871,0,0,0,0,0,1,0
2018/2/18,-0.050474,0,0,0,0,0,0,1
2018/2/19,0.063828,1,0,0,0,0,0,0
2018/2/20,0.015893,0,1,0,0,0,0,0
2018/2/21,-0.062550,0,0,1,0,0,0,0
2018/2/22,-0.064114,0,0,0,1,0,0,0
2018/2/23,0.029595,0,0,0,0,1,0,0
2018/2/24,-0.047376,0,0,0,0,0,1,0
2018/2/25,-0.015117,0,0,0,0,0,0,1
2018/2/26,0.072632,1,0,0,0,0,0,0
2018/2/27,0.034620,0,1,0,0,0,0,0
2018/2/28,-0.030553,0,0,1,0,0,0,0
2018/3/1,0.053193,0,0,0,1,0,0,0
2018/3/2,0.012364,0,0,0,0,1,0,0
2018/3/3,0.036378,0,0,0,0,0,1,0
2018/3/4,0.001993,0,0,0,0,0,0,1
2018/3/5,0.005273,1,0,0,0,0,0,0
2018/3/6,-0.068554,0,1,0,0,0,0,0
2018/3/7,-0.075542,0,0,1,0,0,0,0
2018/3/8,-0.057253,0,0,0,1,0,0,0
2018/3/9,-0.006116,0,0,0,0,1,0,0
2018/3/10,-0.050500,0,0,0,0,0,1,0
2018/3/11,0.080378,0,0,0,0,0,0,1
2018/3/12,-0.038994,1,0,0,0,0,0,0
2018/3/13,-0.001116,0,1,0,0,0,0,0
2018/3/14,-0.100604,0,0,1,0,0,0,0
2018/3/15,0.003755,0,0,0,1,0,0,0
2018/3/16,0.004516,0,0,0,0,1,0,0
2018/3/17,-0.050546,0,0,0,0,0,1,0
2018/3/18,0.038753,0,0,0,0,0,0,1
2018/3/19,0.049488,1,0,0,0,0,0,0
2018/3/20,0.032769,0,1,0,0,0,0,0
2018/3/21,0.001774,0,0,1,0,0,0,0
2018/3/22,-0.022489,0,0,0,1,0,0,0
2018/3/23,0.017317,0,0,0,0,1,0,0
2018/3/24,-0.023819,0,0,0,0,0,1,0
2018/3/25,-0.019882,0,0,0,0,0,0,1
2018/3/26,-0.033708,1,0,0,0,0,0,0
2018/3/27,-0.045845,0,1,0,0,0,0,0
2018/3/28,0.015504,0,0,1,0,0,0,0
2018/3/29,-0.099162,0,0,0,1,0,0,0
2018/3/30,-0.038402,0,0,0,0,1,0,0
2018/3/31,0.012047,0,0,0,0,0,1,0
2018/4/1,-0.018542,0,0,0,0,0,0,1
2018/4/2,0.035003,1,0,0,0,0,0,0
2018/4/3,0.052558,0,1,0,0,0,0,0
2018/4/4,-0.080775,0,0,1,0,0,0,0
2018/4/5,-0.006182,0,0,0,1,0,0,0
2018/4/6,-0.025714,0,0,0,0,1,0,0
2018/4/7,0.041404,0,0,0,0,0,1,0
2018/4/8,0.016268,0,0,0,0,0,0,1
2018/4/9,-0.035992,1,0,0,0,0,0,0
2018/4/10,0.009457,0,1,0,0,0,0,0
2018/4/11,0.019541,0,0,1,0,0,0,0
2018/4/12,0.132160,0,0,0,1,0,0,0
2018/4/13,0.000851,0,0,0,0,1,0,0
2018/4/14,0.011434,0,0,0,0,0,1,0
2018/4/15,0.042933,0,0,0,0,0,0,1
2018/4/16,-0.032469,1,0,0,0,0,0,0
2018/4/17,-0.019430,0,1,0,0,0,0,0
2018/4/18,0.033071,0,0,1,0,0,0,0
2018/4/19,0.016034,0,0,0,1,0,0,0
2018/4/20,0.066494,0,0,0,0,1,0,0
2018/4/21,0.005624,0,0,0,0,0,1,0
2018/4/22,-0.010468,0,0,0,0,0,0,1
2018/4/23,0.014589,1,0,0,0,0,0,0
2018/4/24,0.085839,0,1,0,0,0,0,0
2018/4/25,-0.087833,0,0,1,0,0,0,0
2018/4/26,0.049263,0,0,0,1,0,0,0
2018/4/27,-0.031725,0,0,0,0,1,0,0
2018/4/28,0.040217,0,0,0,0,0,1,0
2018/4/29,0.007552,0,0,0,0,0,0,1
2018/4/30,-0.018954,1,0,0,0,0,0,0
2018/5/1,-0.013153,0,1,0,0,0,0,0
2018/5/2,0.012820,0,0,1,0,0,0,0
2018/5/3,0.054996,0,0,0,1,0,0,0
2018/5/4,-0.004423,0,0,0,0,1,0,0
2018/5/5,0.016225,0,0,0,0,0,1,0
2018/5/6,-0.020628,0,0,0,0,0,0,1
2018/5/7,-0.029187,1,0,0,0,0,0,0
2018/5/8,-0.014743,0,1,0,0,0,0,0
2018/5/9,0.009785,0,0,1,0,0,0,0
2018/5/10,-0.030159,0,0,0,1,0,0,0
2018/5/11,-0.066614,0,0,0,0,1,0,0
2018/5/12,0.007510,0,0,0,0,0,1,0
2018/5/13,0.025756,0,0,0,0,0,0,1
2018/5/14,-0.000820,1,0,0,0,0,0,0
2018/5/15,-0.023680,0,1,0,0,0,0,0
2018/5/16,-0.016633,0,0,1,0,0,0,0
2018/5/17,-0.032802,0,0,0,1,0,0,0
2018/5/18,0.019353,0,0,0,0,1,0,0
2018/5/19,-0.000459,0,0,0,0,0,1,0
2018/5/20,0.032262,0,0,0,0,0,0,1
2018/5/21,-0.011072,1,0,0,0,0,0,0
2018/5/22,-0.044805,0,1,0,0,0,0,0
2018/5/23,-0.060181,0,0,1,0,0,0,0
2018/5/24,0.003906,0,0,0,1,0,0,0
2018/5/25,-0.014129,0,0,0,0,1,0,0
2018/5/26,-0.016612,0,0,0,0,0,1,0
2018/5/27,0.001678,0,0,0,0,0,0,1
2018/5/28,-0.031518,1,0,0,0,0,0,0
2018/5/29,0.047169,0,1,0,0,0,0,0
2018/5/30,-0.008842,0,0,1,0,0,0,0
2018/5/31,0.011834,0,0,0,1,0,0,0
2018/6/1,0.006309,0,0,0,0,1,0,0
2018/6/2,0.013525,0,0,0,0,0,1,0
2018/6/3,0.010048,0,0,0,0,0,0,1
2018/6/4,-0.026655,1,0,0,0,0,0,0
2018/6/5,0.015875,0,1,0,0,0,0,0
2018/6/6,0.002649,0,0,1,0,0,0,0
2018/6/7,0.003170,0,0,0,1,0,0,0
2018/6/8,-0.006944,0,0,0,0,1,0,0
2018/6/9,-0.012189,0,0,0,0,0,1,0
2018/6/10,-0.099039,0,0,0,0,0,0,1
2018/6/11,0.017816,1,0,0,0,0,0,0
2018/6/12,-0.046991,0,1,0,0,0,0,0
2018/6/13,-0.035316,0,0,1,0,0,0,0
2018/6/14,0.051253,0,0,0,1,0,0,0
2018/6/15,-0.032773,0,0,0,0,1,0,0
2018/6/16,0.014494,0,0,0,0,0,1,0
2018/6/17,-0.007769,0,0,0,0,0,0,1
2018/6/18,0.036243,1,0,0,0,0,0,0
2018/6/19,0.005215,0,1,0,0,0,0,0
2018/6/20,0.000976,0,0,1,0,0,0,0
2018/6/21,-0.006908,0,0,0,1,0,0,0
2018/6/22,-0.095999,0,0,0,0,1,0,0
2018/6/23,0.012951,0,0,0,0,0,1,0
2018/6/24,0.001744,0,0,0,0,0,0,1
2018/6/25,0.012303,1,0,0,0,0,0,0
2018/6/26,-0.024885,0,1,0,0,0,0,0
2018/6/27,0.010414,0,0,1,0,0,0,0
2018/6/28,-0.041203,0,0,0,1,0,0,0
2018/6/29,0.053335,0,0,0,0,1,0,0
2018/6/30,0.029863,0,0,0,0,0,1,0
2018/7/1,-0.002839,0,0,0,0,0,0,1
2018/7/2,0.035761,1,0,0,0,0,0,0
2018/7/3,-0.012789,0,1,0,0,0,0,0
2018/7/4,0.010408,0,0,1,0,0,0,0
2018/7/5,0.006304,0,0,0,1,0,0,0
2018/7/6,0.005175,0,0,0,0,1,0,0
2018/7/7,0.027486,0,0,0,0,0,1,0
2018/7/8,-0.012112,0,0,0,0,0,0,1
2018/7/9,-0.004743,1,0,0,0,0,0,0
2018/7/10,-0.061082,0,1,0,0,0,0,0
2018/7/11,0.010231,0,0,1,0,0,0,0
2018/7/12,-0.025943,0,0,0,1,0,0,0
2018/7/13,0.001483,0,0,0,0,1,0,0
2018/7/14,0.006103,0,0,0,0,0,1,0
2018/7/15,0.013308,0,0,0,0,0,0,1
2018/7/16,0.060084,1,0,0,0,0,0,0
2018/7/17,0.085926,0,1,0,0,0,0,0
2018/7/18,0.006794,0,0,1,0,0,0,0
2018/7/19,0.013035,0,0,0,1,0,0,0
2018/7/20,-0.015097,0,0,0,0,1,0,0
2018/7/21,0.008860,0,0,0,0,0,1,0
2018/7/22,-0.000108,0,0,0,0,0,0,1
2018/7/23,0.039445,1,0,0,0,0,0,0
2018/7/24,0.092485,0,1,0,0,0,0,0
2018/7/25,-0.028831,0,0,1,0,0,0,0
2018/7/26,-0.028089,0,0,0,1,0,0,0
2018/7/27,0.026841,0,0,0,0,1,0,0
2018/7/28,0.003324,0,0,0,0,0,1,0
2018/7/29,0.003212,0,0,0,0,0,0,1
2018/7/30,-0.004621,1,0,0,0,0,0,0
2018/7/31,-0.048902,0,1,0,0,0,0,0
2018/8/1,-0.019990,0,0,1,0,0,0,0
2018/8/2,-0.007575,0,0,0,1,0,0,0
2018/8/3,-0.017544,0,0,0,0,1,0,0
2018/8/4,-0.054011,0,0,0,0,0,1,0
2018/8/5,0.005066,0,0,0,0,0,0,1
2018/8/6,-0.016507,1,0,0,0,0,0,0
2018/8/7,-0.028580,0,1,0,0,0,0,0
2018/8/8,-0.066239,0,0,1,0,0,0,0
2018/8/9,0.041617,0,0,0,1,0,0,0
2018/8/10,-0.058390,0,0,0,0,1,0,0
2018/8/11,0.017951,0,0,0,0,0,1,0
2018/8/12,0.004282,0,0,0,0,0,0,1
2018/8/13,-0.003973,1,0,0,0,0,0,0
2018/8/14,-0.015539,0,1,0,0,0,0,0
2018/8/15,0.017551,0,0,1,0,0,0,0
2018/8/16,0.004155,0,0,0,1,0,0,0
2018/8/17,0.038818,0,0,0,0,1,0,0
2018/8/18,-0.023838,0,0,0,0,0,1,0
2018/8/19,0.012813,0,0,0,0,0,0,1
2018/8/20,-0.030362,1,0,0,0,0,0,0
2018/8/21,0.028569,0,1,0,0,0,0,0
2018/8/22,-0.017268,0,0,1,0,0,0,0
2018/8/23,0.024804,0,0,0,1,0,0,0
2018/8/24,0.028322,0,0,0,0,1,0,0
2018/8/25,0.006433,0,0,0,0,0,1,0
2018/8/26,-0.008270,0,0,0,0,0,0,1
2018/8/27,0.026446,1,0,0,0,0,0,0
2018/8/28,0.030741,0,1,0,0,0,0,0
2018/8/29,-0.006922,0,0,1,0,0,0,0
2018/8/30,-0.009781,0,0,0,1,0,0,0
2018/8/31,0.008505,0,0,0,0,1,0,0
2018/9/1,0.022120,0,0,0,0,0,1,0
2018/9/2,0.011048,0,0,0,0,0,0,1
2018/9/3,-0.001741,1,0,0,0,0,0,0
2018/9/4,0.013994,0,1,0,0,0,0,0
2018/9/5,-0.077269,0,0,1,0,0,0,0
2018/9/6,-0.038814,0,0,0,1,0,0,0
2018/9/7,-0.009511,0,0,0,0,1,0,0
2018/9/8,-0.037280,0,0,0,0,0,1,0
2018/9/9,0.012027,0,0,0,0,0,0,1
2018/9/10,0.004577,1,0,0,0,0,0,0
2018/9/11,-0.001343,0,1,0,0,0,0,0
2018/9/12,0.004841,0,0,1,0,0,0,0
2018/9/13,0.026057,0,0,0,1,0,0,0
2018/9/14,-0.000706,0,0,0,0,1,0,0
2018/9/15,0.004682,0,0,0,0,0,1,0
2018/9/16,-0.003977,0,0,0,0,0,0,1
2018/9/17,-0.036209,1,0,0,0,0,0,0
2018/9/18,0.014344,0,1,0,0,0,0,0
2018/9/19,0.004275,0,0,1,0,0,0,0
2018/9/20,0.018931,0,0,0,1,0,0,0
2018/9/21,0.033020,0,0,0,0,1,0,0
2018/9/22,-0.001926,0,0,0,0,0,1,0
2018/9/23,-0.001689,0,0,0,0,0,0,1
2018/9/24,-0.017170,1,0,0,0,0,0,0
2018/9/25,-0.022582,0,1,0,0,0,0,0
2018/9/26,0.007528,0,0,1,0,0,0,0
2018/9/27,0.027983,0,0,0,1,0,0,0
2018/9/28,-0.004886,0,0,0,0,1,0,0
2018/9/29,-0.006347,0,0,0,0,0,1,0
2018/9/30,0.003575,0,0,0,0,0,0,1
2018/10/1,-0.005424,1,0,0,0,0,0,0
2018/10/2,-0.005087,0,1,0,0,0,0,0
2018/10/3,-0.008162,0,0,1,0,0,0,0
2018/10/4,0.011395,0,0,0,1,0,0,0
2018/10/5,0.006962,0,0,0,0,1,0,0
2018/10/6,-0.005160,0,0,0,0,0,1,0
2018/10/7,0.002222,0,0,0,0,0,0,1
2018/10/8,0.007463,1,0,0,0,0,0,0
2018/10/9,-0.001442,0,1,0,0,0,0,0
2018/10/10,-0.008598,0,0,1,0,0,0,0
2018/10/11,-0.050002,0,0,0,1,0,0,0
2018/10/12,0.002931,0,0,0,0,1,0,0
2018/10/13,0.001818,0,0,0,0,0,1,0
2018/10/14,0.000786,0,0,0,0,0,0,1
2018/10/15,0.048579,1,0,0,0,0,0,0
2018/10/16,-0.000065,0,1,0,0,0,0,0
2018/10/17,-0.007835,0,0,1,0,0,0,0
2018/10/18,-0.010348,0,0,0,1,0,0,0
2018/10/19,-0.001745,0,0,0,0,1,0,0
2018/10/20,0.003678,0,0,0,0,0,1,0
2018/10/21,-0.001054,0,0,0,0,0,0,1
2018/10/22,0.000742,1,0,0,0,0,0,0
2018/10/23,-0.001760,0,1,0,0,0,0,0
2018/10/24,0.003104,0,0,1,0,0,0,0
2018/10/25,-0.003010,0,0,0,1,0,0,0
2018/10/26,-0.000238,0,0,0,0,1,0,0
2018/10/27,0.000870,0,0,0,0,0,1,0
2018/10/28,0.000927,0,0,0,0,0,0,1
2018/10/29,-0.023705,1,0,0,0,0,0,0
2018/10/30,0.000259,0,1,0,0,0,0,0
2018/10/31,-0.002630,0,0,1,0,0,0,0
2018/11/1,0.009524,0,0,0,1,0,0,0
2018/11/2,0.001671,0,0,0,0,1,0,0
2018/11/3,-0.004255,0,0,0,0,0,1,0
2018/11/4,0.002338,0,0,0,0,0,0,1
2018/11/5,0.006827,1,0,0,0,0,0,0
2018/11/6,0.006441,0,1,0,0,0,0,0
2018/11/7,0.010700,0,0,1,0,0,0,0
2018/11/8,-0.011703,0,0,0,1,0,0,0
2018/11/9,-0.010552,0,0,0,0,1,0,0
2018/11/10,0.003696,0,0,0,0,0,1,0
2018/11/11,0.000320,0,0,0,0,0,0,1
2018/11/12,-0.006239,1,0,0,0,0,0,0
2018/11/13,-0.001849,0,1,0,0,0,0,0
2018/11/14,-0.097671,0,0,1,0,0,0,0
2018/11/15,-0.015740,0,0,0,1,0,0,0
2018/11/16,-0.012833,0,0,0,0,1,0,0
2018/11/17,-0.003806,0,0,0,0,0,1,0
2018/11/18,0.012461,0,0,0,0,0,0,1
2018/11/19,-0.133732,1,0,0,0,0,0,0
2018/11/20,-0.086138,0,1,0,0,0,0,0
2018/11/21,0.033761,0,0,1,0,0,0,0
2018/11/22,-0.051330,0,0,0,1,0,0,0
2018/11/23,-0.004313,0,0,0,0,1,0,0
2018/11/24,-0.107278,0,0,0,0,0,1,0
2018/11/25,0.033295,0,0,0,0,0,0,1
2018/11/26,-0.057567,1,0,0,0,0,0,0
2018/11/27,0.011005,0,1,0,0,0,0,0
2018/11/28,0.114298,0,0,1,0,0,0,0
2018/11/29,0.005033,0,0,0,1,0,0,0
2018/11/30,-0.061133,0,0,0,0,1,0,0
2018/12/1,0.049139,0,0,0,0,0,1,0
2018/12/2,-0.017746,0,0,0,0,0,0,1
2018/12/3,-0.059361,1,0,0,0,0,0,0
2018/12/4,0.016117,0,1,0,0,0,0,0
2018/12/5,-0.051277,0,0,1,0,0,0,0
2018/12/6,-0.062039,0,0,0,1,0,0,0
2018/12/7,-0.028731,0,0,0,0,1,0,0
2018/12/8,0.016426,0,0,0,0,0,1,0
2018/12/9,0.039734,0,0,0,0,0,0,1
2018/12/10,-0.030872,1,0,0,0,0,0,0
2018/12/11,-0.022288,0,1,0,0,0,0,0
2018/12/12,0.018210,0,0,1,0,0,0,0
2018/12/13,-0.049692,0,0,0,1,0,0,0
2018/12/14,-0.021484,0,0,0,0,1,0,0
2018/12/15,-0.001765,0,0,0,0,0,1,0
2018/12/16,0.004967,0,0,0,0,0,0,1
2018/12/17,0.090083,1,0,0,0,0,0,0
2018/12/18,0.042358,0,1,0,0,0,0,0
2018/12/19,0.013499,0,0,1,0,0,0,0
2018/12/20,0.103710,0,0,0,1,0,0,0
2018/12/21,-0.057540,0,0,0,0,1,0,0
2018/12/22,0.030191,0,0,0,0,0,1,0
2018/12/23,-0.003787,0,0,0,0,0,0,1
2018/12/24,0.019910,1,0,0,0,0,0,0
2018/12/25,-0.064510,0,1,0,0,0,0,0
2018/12/26,0.010957,0,0,1,0,0,0,0
2018/12/27,-0.052489,0,0,0,1,0,0,0
2018/12/28,0.073624,0,0,0,0,1,0,0
2018/12/29,-0.026379,0,0,0,0,0,1,0
2018/12/30,0.011921,0,0,0,0,0,0,1
2018/12/31,-0.031881,1,0,0,0,0,0,0
2019/1/1,0.026938,0,1,0,0,0,0,0
2019/1/2,0.025989,0,0,1,0,0,0,0
2019/1/3,-0.027050,0,0,0,1,0,0,0
2019/1/4,0.005467,0,0,0,0,1,0,0
2019/1/5,-0.003246,0,0,0,0,0,1,0
2019/1/6,0.060189,0,0,0,0,0,0,1
2019/1/7,-0.012605,1,0,0,0,0,0,0
2019/1/8,0.001391,0,1,0,0,0,0,0
2019/1/9,0.001104,0,0,1,0,0,0,0
2019/1/10,-0.088314,0,0,0,1,0,0,0
2019/1/11,0.002294,0,0,0,0,1,0,0
2019/1/12,-0.007069,0,0,0,0,0,1,0
2019/1/13,-0.029593,0,0,0,0,0,0,1
2019/1/14,0.043091,1,0,0,0,0,0,0
2019/1/15,-0.020339,0,1,0,0,0,0,0
2019/1/16,0.006702,0,0,1,0,0,0,0
2019/1/17,0.006445,0,0,0,1,0,0,0
2019/1/18,-0.005634,0,0,0,0,1,0,0
2019/1/19,0.019336,0,0,0,0,0,1,0
2019/1/20,-0.034210,0,0,0,0,0,0,1
2019/1/21,-0.006937,1,0,0,0,0,0,0
2019/1/22,0.007982,0,1,0,0,0,0,0
2019/1/23,-0.005397,0,0,1,0,0,0,0
2019/1/24,0.004391,0,0,0,1,0,0,0
2019/1/25,-0.000305,0,0,0,0,1,0,0
2019/1/26,0.000749,0,0,0,0,0,1,0
2019/1/27,-0.005134,0,0,0,0,0,0,1
2019/1/28,-0.031673,1,0,0,0,0,0,0
2019/1/29,-0.006435,0,1,0,0,0,0,0
2019/1/30,0.011039,0,0,1,0,0,0,0
2019/1/31,-0.008143,0,0,0,1,0,0,0
2019/2/1,0.008720,0,0,0,0,1,0,0
2019/2/2,0.009494,0,0,0,0,0,1,0
2019/2/3,-0.016202,0,0,0,0,0,0,1
2019/2/4,-0.001403,1,0,0,0,0,0,0
2019/2/5,0.002082,0,1,0,0,0,0,0
2019/2/6,-0.015171,0,0,1,0,0,0,0
2019/2/7,-0.004188,0,0,0,1,0,0,0
2019/2/8,0.078632,0,0,0,0,1,0,0
2019/2/9,0.001206,0,0,0,0,0,1,0
2019/2/10,0.005171,0,0,0,0,0,0,1
2019/2/11,-0.011316,1,0,0,0,0,0,0
2019/2/12,0.001397,0,1,0,0,0,0,0
2019/2/13,-0.005873,0,0,1,0,0,0,0
2019/2/14,-0.004182,0,0,0,1,0,0,0
2019/2/15,0.001087,0,0,0,0,1,0,0
2019/2/16,0.002479,0,0,0,0,0,1,0
2019/2/17,0.012135,0,0,0,0,0,0,1
2019/2/18,0.065838,1,0,0,0,0,0,0
2019/2/19,0.008014,0,1,0,0,0,0,0
2019/2/20,0.013358,0,0,1,0,0,0,0
2019/2/21,-0.011426,0,0,0,1,0,0,0
2019/2/22,0.013001,0,0,0,0,1,0,0
2019/2/23,0.034203,0,0,0,0,0,1,0
2019/2/24,-0.080168,0,0,0,0,0,0,1
2019/2/25,0.018966,1,0,0,0,0,0,0
2019/2/26,-0.007299,0,1,0,0,0,0,0
2019/2/27,-0.000859,0,0,1,0,0,0,0
2019/2/28,0.000971,0,0,0,1,0,0,0
2019/3/1,0.001245,0,0,0,0,1,0,0
2019/3/2,0.001252,0,0,0,0,0,1,0
2019/3/3,-0.004461,0,0,0,0,0,0,1
2019/3/4,-0.022255,1,0,0,0,0,0,0
2019/3/5,0.035841,0,1,0,0,0,0,0
2019/3/6,0.001942,0,0,1,0,0,0,0
2019/3/7,0.001932,0,0,0,1,0,0,0
2019/3/8,-0.002647,0,0,0,0,1,0,0
2019/3/9,0.015940,0,0,0,0,0,1,0
2019/3/10,-0.002956,0,0,0,0,0,0,1
2019/3/11,-0.011735,1,0,0,0,0,0,0
2019/3/12,0.001006,0,1,0,0,0,0,0
2019/3/13,-0.000624,0,0,1,0,0,0,0
2019/3/14,0.004518,0,0,0,1,0,0,0
2019/3/15,0.009312,0,0,0,0,1,0,0
2019/3/16,0.022170,0,0,0,0,0,1,0
2019/3/17,-0.005804,0,0,0,0,0,0,1
2019/3/18,0.001808,1,0,0,0,0,0,0
2019/3/19,0.009593,0,1,0,0,0,0,0
2019/3/20,0.004000,0,0,1,0,0,0,0
2019/3/21,-0.014226,0,0,0,1,0,0,0
2019/3/22,-0.001330,0,0,0,0,1,0,0
2019/3/23,0.002947,0,0,0,0,0,1,0
2019/3/24,-0.003384,0,0,0,0,0,0,1
2019/3/25,-0.014693,1,0,0,0,0,0,0
2019/3/26,0.005554,0,1,0,0,0,0,0
2019/3/27,0.025592,0,0,1,0,0,0,0
2019/3/28,-0.004394,0,0,0,1,0,0,0
2019/3/29,0.007193,0,0,0,0,1,0,0
2019/3/30,0.002022,0,0,0,0,0,1,0
2019/3/31,-0.000306,0,0,0,0,0,0,1
2019/4/1,0.012856,1,0,0,0,0,0,0
2019/4/2,0.173560,0,1,0,0,0,0,0
2019/4/3,0.019087,0,0,1,0,0,0,0
2019/4/4,-0.010099,0,0,0,1,0,0,0
2019/4/5,0.023134,0,0,0,0,1,0,0
2019/4/6,0.004594,0,0,0,0,0,1,0
2019/4/7,0.027487,0,0,0,0,0,0,1
2019/4/8,0.017479,1,0,0,0,0,0,0
2019/4/9,-0.016033,0,1,0,0,0,0,0
2019/4/10,0.022977,0,0,1,0,0,0,0
2019/4/11,-0.048842,0,0,0,1,0,0,0
2019/4/12,0.004946,0,0,0,0,1,0,0
2019/4/13,0.001385,0,0,0,0,0,1,0
2019/4/14,0.013958,0,0,0,0,0,0,1
2019/4/15,-0.019470,1,0,0,0,0,0,0
2019/4/16,0.033244,0,1,0,0,0,0,0
2019/4/17,0.003128,0,0,1,0,0,0,0
2019/4/18,0.008844,0,0,0,1,0,0,0
2019/4/19,0.001024,0,0,0,0,1,0,0
2019/4/20,0.006424,0,0,0,0,0,1,0
2019/4/21,-0.004375,0,0,0,0,0,0,1
2019/4/22,0.015963,1,0,0,0,0,0,0
2019/4/23,0.032040,0,1,0,0,0,0,0
2019/4/24,-0.019291,0,0,1,0,0,0,0
2019/4/25,-0.046543,0,0,0,1,0,0,0
2019/4/26,0.013210,0,0,0,0,1,0,0
2019/4/27,-0.002094,0,0,0,0,0,1,0
2019/4/28,0.003198,0,0,0,0,0,0,1
2019/4/29,-0.007150,1,0,0,0,0,0,0
2019/4/30,0.019700,0,1,0,0,0,0,0
2019/5/1,0.009713,0,0,1,0,0,0,0
2019/5/2,0.018988,0,0,0,1,0,0,0
2019/5/3,0.047773,0,0,0,0,1,0,0
2019/5/4,0.010901,0,0,0,0,0,1,0
2019/5/5,-0.006081,0,0,0,0,0,0,1
2019/5/6,-0.008438,1,0,0,0,0,0,0
2019/5/7,0.014390,0,1,0,0,0,0,0
2019/5/8,0.026238,0,0,1,0,0,0,0
2019/5/9,0.032106,0,0,0,1,0,0,0
2019/5/10,0.033091,0,0,0,0,1,0,0
2019/5/11,0.129478,0,0,0,0,0,1,0
2019/5/12,-0.032256,0,0,0,0,0,0,1
2019/5/13,0.120840,1,0,0,0,0,0,0
2019/5/14,0.022969,0,1,0,0,0,0,0
2019/5/15,0.026362,0,0,1,0,0,0,0
2019/5/16,-0.039031,0,0,0,1,0,0,0
2019/5/17,-0.068614,0,0,0,0,1,0,0
2019/5/18,-0.009898,0,0,0,0,0,1,0
2019/5/19,0.127418,0,0,0,0,0,0,1
2019/5/20,-0.026761,1,0,0,0,0,0,0
2019/5/21,-0.001878,0,1,0,0,0,0,0
2019/5/22,-0.035571,0,0,1,0,0,0,0
2019/5/23,0.026273,0,0,0,1,0,0,0
2019/5/24,0.013388,0,0,0,0,1,0,0
2019/5/25,0.008159,0,0,0,0,0,1,0
2019/5/26,0.077078,0,0,0,0,0,0,1
2019/5/27,0.015284,1,0,0,0,0,0,0
2019/5/28,-0.009745,0,1,0,0,0,0,0
2019/5/29,-0.006935,0,0,1,0,0,0,0
2019/5/30,-0.039265,0,0,0,1,0,0,0
2019/5/31,0.030655,0,0,0,0,1,0,0
2019/6/1,-0.001223,0,0,0,0,0,1,0
2019/6/2,0.020895,0,0,0,0,0,0,1
2019/6/3,-0.061073,1,0,0,0,0,0,0
2019/6/4,-0.061058,0,1,0,0,0,0,0
2019/6/5,0.015109,0,0,1,0,0,0,0
2019/6/6,-0.000282,0,0,0,1,0,0,0
2019/6/7,0.028372,0,0,0,0,1,0,0
2019/6/8,-0.011167,0,0,0,0,0,1,0
2019/6/9,-0.033448,0,0,0,0,0,0,1
2019/6/10,0.040615,1,0,0,0,0,0,0
2019/6/11,-0.009077,0,1,0,0,0,0,0
2019/6/12,0.027517,0,0,1,0,0,0,0
2019/6/13,0.010443,0,0,0,1,0,0,0
2019/6/14,0.056240,0,0,0,0,1,0,0
2019/6/15,0.016626,0,0,0,0,0,1,0
2019/6/16,0.017663,0,0,0,0,0,0,1
2019/6/17,0.036229,1,0,0,0,0,0,0
2019/6/18,-0.025599,0,1,0,0,0,0,0
2019/6/19,0.021115,0,0,1,0,0,0,0
2019/6/20,0.027351,0,0,0,1,0,0,0
2019/6/21,0.064804,0,0,0,0,1,0,0
2019/6/22,0.054920,0,0,0,0,0,1,0
2019/6/23,0.014360,0,0,0,0,0,0,1
2019/6/24,0.014346,1,0,0,0,0,0,0
2019/6/25,0.070821,0,1,0,0,0,0,0
2019/6/26,0.103920,0,0,1,0,0,0,0
2019/6/27,-0.140857,0,0,0,1,0,0,0
2019/6/28,0.109501,0,0,0,0,1,0,0
2019/6/29,-0.036105,0,0,0,0,0,1,0
2019/6/30,-0.095508,0,0,0,0,0,0,1
2019/7/1,-0.021634,1,0,0,0,0,0,0
2019/7/2,0.020650,0,1,0,0,0,0,0
2019/7/3,0.107353,0,0,1,0,0,0,0
2019/7/4,-0.062354,0,0,0,1,0,0,0
2019/7/5,-0.021130,0,0,0,0,1,0,0
2019/7/6,0.020958,0,0,0,0,0,1,0
2019/7/7,0.021617,0,0,0,0,0,0,1
2019/7/8,0.072930,1,0,0,0,0,0,0
2019/7/9,0.023430,0,1,0,0,0,0,0
2019/7/10,-0.033188,0,0,1,0,0,0,0
2019/7/11,-0.065632,0,0,0,1,0,0,0
2019/7/12,0.040262,0,0,0,0,1,0,0
2019/7/13,-0.035850,0,0,0,0,0,1,0
2019/7/14,-0.099744,0,0,0,0,0,0,1
2019/7/15,0.062308,1,0,0,0,0,0,0
2019/7/16,-0.130100,0,1,0,0,0,0,0
2019/7/17,0.022807,0,0,1,0,0,0,0
2019/7/18,0.100340,0,0,0,1,0,0,0
2019/7/19,-0.012727,0,0,0,0,1,0,0
2019/7/20,0.022449,0,0,0,0,0,1,0
2019/7/21,-0.015606,0,0,0,0,0,0,1
2019/7/22,-0.024153,1,0,0,0,0,0,0
2019/7/23,-0.042767,0,1,0,0,0,0,0
2019/7/24,-0.008973,0,0,1,0,0,0,0
2019/7/25,0.010183,0,0,0,1,0,0,0
2019/7/26,-0.004191,0,0,0,0,1,0,0
2019/7/27,-0.039779,0,0,0,0,0,1,0
2019/7/28,0.007933,0,0,0,0,0,0,1
2019/7/29,-0.003529,1,0,0,0,0,0,0
2019/7/30,0.009274,0,1,0,0,0,0,0
2019/7/31,0.049774,0,0,1,0,0,0,0
2019/8/1,0.031137,0,0,0,1,0,0,0
2019/8/2,0.011395,0,0,0,0,1,0,0
2019/8/3,0.028860,0,0,0,0,0,1,0
2019/8/4,0.013719,0,0,0,0,0,0,1
2019/8/5,0.076158,1,0,0,0,0,0,0
2019/8/6,-0.027740,0,1,0,0,0,0,0
2019/8/7,0.040407,0,0,1,0,0,0,0
2019/8/8,0.002046,0,0,0,1,0,0,0
2019/8/9,-0.008647,0,0,0,0,1,0,0
2019/8/10,-0.042899,0,0,0,0,0,1,0
2019/8/11,0.014933,0,0,0,0,0,0,1
2019/8/12,-0.012233,1,0,0,0,0,0,0
2019/8/13,-0.042766,0,1,0,0,0,0,0
2019/8/14,-0.077472,0,0,1,0,0,0,0
2019/8/15,0.025851,0,0,0,1,0,0,0
2019/8/16,0.006090,0,0,0,0,1,0,0
2019/8/17,-0.013745,0,0,0,0,0,1,0
2019/8/18,0.011148,0,0,0,0,0,0,1
2019/8/19,0.055118,1,0,0,0,0,0,0
2019/8/20,-0.014000,0,1,0,0,0,0,0
2019/8/21,-0.058085,0,0,1,0,0,0,0
2019/8/22,-0.000690,0,0,0,1,0,0,0
2019/8/23,0.027333,0,0,0,0,1,0,0
2019/8/24,-0.023828,0,0,0,0,0,1,0
2019/8/25,-0.002111,0,0,0,0,0,0,1
2019/8/26,0.022913,1,0,0,0,0,0,0
2019/8/27,-0.017869,0,1,0,0,0,0,0
2019/8/28,-0.042323,0,0,1,0,0,0,0
2019/8/29,-0.025037,0,0,0,1,0,0,0
2019/8/30,0.009250,0,0,0,0,1,0,0
2019/8/31,0.003385,0,0,0,0,0,1,0
2019/9/1,0.013219,0,0,0,0,0,0,1
2019/9/2,0.060339,1,0,0,0,0,0,0
2019/9/3,0.026750,0,1,0,0,0,0,0
2019/9/4,-0.002734,0,0,1,0,0,0,0
2019/9/5,-0.001790,0,0,0,1,0,0,0
2019/9/6,-0.021014,0,0,0,0,1,0,0
2019/9/7,0.015836,0,0,0,0,0,1,0
2019/9/8,-0.007224,0,0,0,0,0,0,1
2019/9/9,-0.010181,1,0,0,0,0,0,0
2019/9/10,-0.021190,0,1,0,0,0,0,0
2019/9/11,0.006168,0,0,1,0,0,0,0
2019/9/12,0.022769,0,0,0,1,0,0,0
2019/9/13,-0.004763,0,0,0,0,1,0,0
2019/9/14,-0.000241,0,0,0,0,0,1,0
2019/9/15,-0.000998,0,0,0,0,0,0,1
2019/9/16,-0.006854,1,0,0,0,0,0,0
2019/9/17,-0.003456,0,1,0,0,0,0,0
2019/9/18,-0.004201,0,0,1,0,0,0,0
2019/9/19,0.006684,0,0,0,1,0,0,0
2019/9/20,-0.008257,0,0,0,0,1,0,0
2019/9/21,-0.015904,0,0,0,0,0,1,0
2019/9/22,0.005058,0,0,0,0,0,0,1
2019/9/23,-0.033868,1,0,0,0,0,0,0
2019/9/24,-0.113960,0,1,0,0,0,0,0
2019/9/25,-0.015495,0,0,1,0,0,0,0
2019/9/26,-0.043363,0,0,0,1,0,0,0
2019/9/27,0.016366,0,0,0,0,1,0,0
2019/9/28,-0.000719,0,0,0,0,0,1,0
2019/9/29,-0.017188,0,0,0,0,0,0,1
2019/9/30,0.023406,1,0,0,0,0,0,0
2019/10/1,0.005957,0,1,0,0,0,0,0
2019/10/2,0.005965,0,0,1,0,0,0,0
2019/10/3,-0.015852,0,0,0,1,0,0,0
2019/10/4,-0.006544,0,0,0,0,1,0,0
2019/10/5,-0.006634,0,0,0,0,0,1,0
2019/10/6,-0.020039,0,0,0,0,0,0,1
2019/10/7,0.032231,1,0,0,0,0,0,0
2019/10/8,-0.002042,0,1,0,0,0,0,0
2019/10/9,0.044594,0,0,1,0,0,0,0
2019/10/10,-0.001078,0,0,0,1,0,0,0
2019/10/11,-0.030830,0,0,0,0,1,0,0
2019/10/12,0.001778,0,0,0,0,0,1,0
2019/10/13,-0.001865,0,0,0,0,0,0,1
2019/10/14,0.006451,1,0,0,0,0,0,0
2019/10/15,-0.020218,0,1,0,0,0,0,0
2019/10/16,-0.019236,0,0,1,0,0,0,0
2019/10/17,0.007006,0,0,0,1,0,0,0
2019/10/18,-0.016128,0,0,0,0,1,0,0
2019/10/19,0.001926,0,0,0,0,0,1,0
2019/10/20,0.029231,0,0,0,0,0,0,1
2019/10/21,0.002632,1,0,0,0,0,0,0
2019/10/22,-0.020078,0,1,0,0,0,0,0
2019/10/23,-0.069759,0,0,1,0,0,0,0
2019/10/24,-0.002819,0,0,0,1,0,0,0
2019/10/25,0.155763,0,0,0,0,1,0,0
2019/10/26,0.067462,0,0,0,0,0,1,0
2019/10/27,0.033179,0,0,0,0,0,0,1
2019/10/28,-0.030944,1,0,0,0,0,0,0
2019/10/29,0.018532,0,1,0,0,0,0,0
2019/10/30,-0.023544,0,0,1,0,0,0,0
2019/10/31,-0.000667,0,0,0,1,0,0,0
2019/11/1,0.006687,0,0,0,0,1,0,0
2019/11/2,0.006869,0,0,0,0,0,1,0
2019/11/3,-0.009583,0,0,0,0,0,0,1
2019/11/4,0.019193,1,0,0,0,0,0,0
2019/11/5,-0.007446,0,1,0,0,0,0,0
2019/11/6,0.001964,0,0,1,0,0,0,0
2019/11/7,-0.009969,0,0,0,1,0,0,0
2019/11/8,-0.049925,0,0,0,0,1,0,0
2019/11/9,0.000988,0,0,0,0,0,1,0
2019/11/10,0.027451,0,0,0,0,0,0,1
2019/11/11,-0.032879,1,0,0,0,0,0,0
2019/11/12,0.006608,0,1,0,0,0,0,0
2019/11/13,-0.000839,0,0,1,0,0,0,0
2019/11/14,-0.011372,0,0,0,1,0,0,0
2019/11/15,-0.024816,0,0,0,0,1,0,0
2019/11/16,0.006920,0,0,0,0,0,1,0
2019/11/17,0.003183,0,0,0,0,0,0,1
2019/11/18,-0.031323,1,0,0,0,0,0,0
2019/11/19,-0.012413,0,1,0,0,0,0,0
2019/11/20,-0.021798,0,0,1,0,0,0,0
2019/11/21,-0.047901,0,0,0,1,0,0,0
2019/11/22,-0.045294,0,0,0,0,1,0,0
2019/11/23,0.013872,0,0,0,0,0,1,0
2019/11/24,-0.047295,0,0,0,0,0,0,1
2019/11/25,0.013936,1,0,0,0,0,0,0
2019/11/26,0.010109,0,1,0,0,0,0,0
2019/11/27,0.043402,0,0,1,0,0,0,0
2019/11/28,-0.009103,0,0,0,1,0,0,0
2019/11/29,0.039948,0,0,0,0,1,0,0
2019/11/30,-0.024689,0,0,0,0,0,1,0
2019/12/1,-0.019200,0,0,0,0,0,0,1
2019/12/2,-0.013780,1,0,0,0,0,0,0
2019/12/3,-0.000252,0,1,0,0,0,0,0
2019/12/4,-0.009305,0,0,1,0,0,0,0
2019/12/5,0.027065,0,0,0,1,0,0,0
2019/12/6,0.013250,0,0,0,0,1,0,0
2019/12/7,0.001224,0,0,0,0,0,1,0
2019/12/8,0.001073,0,0,0,0,0,0,1
2019/12/9,-0.021607,1,0,0,0,0,0,0
2019/12/10,-0.016590,0,1,0,0,0,0,0
2019/12/11,-0.008339,0,0,1,0,0,0,0
2019/12/12,0.003562,0,0,0,1,0,0,0
2019/12/13,0.003666,0,0,0,0,1,0,0
2019/12/14,-0.019947,0,0,0,0,0,1,0
2019/12/15,0.003878,0,0,0,0,0,0,1
2019/12/16,-0.030734,1,0,0,0,0,0,0
2019/12/17,-0.042116,0,1,0,0,0,0,0
2019/12/18,0.095819,0,0,1,0,0,0,0
2019/12/19,-0.010164,0,0,0,1,0,0,0
2019/12/20,0.002217,0,0,0,0,1,0,0
2019/12/21,-0.003831,0,0,0,0,0,1,0
2019/12/22,0.044559,0,0,0,0,0,0,1
2019/12/23,-0.020763,1,0,0,0,0,0,0
2019/12/24,-0.004499,0,1,0,0,0,0,0
2019/12/25,-0.006470,0,0,1,0,0,0,0
2019/12/26,-0.004974,0,0,0,1,0,0,0
2019/12/27,0.007062,0,0,0,0,1,0,0
2019/12/28,0.003827,0,0,0,0,0,1,0
2019/12/29,0.014302,0,0,0,0,0,0,1
2019/12/30,-0.017468,1,0,0,0,0,0,0
2019/12/31,-0.013629,0,1,0,0,0,0,0
2020/1/1,0.000914,0,0,1,0,0,0,0
2020/1/2,-0.029819,0,0,0,1,0,0,0
2020/1/3,0.051452,0,0,0,0,1,0,0
2020/1/4,0.008955,0,0,0,0,0,1,0
2020/1/5,0.000089,0,0,0,0,0,0,1
2020/1/6,0.048291,1,0,0,0,0,0,0
2020/1/7,0.050774,0,1,0,0,0,0,0
2020/1/8,-0.010269,0,0,1,0,0,0,0
2020/1/9,-0.024851,0,0,0,1,0,0,0
2020/1/10,0.036487,0,0,0,0,1,0,0
2020/1/11,-0.015798,0,0,0,0,0,1,0
2020/1/12,0.019279,0,0,0,0,0,0,1
2020/1/13,-0.005896,1,0,0,0,0,0,0
2020/1/14,0.083933,0,1,0,0,0,0,0
2020/1/15,-0.002351,0,0,1,0,0,0,0
2020/1/16,-0.009450,0,0,0,1,0,0,0
2020/1/17,0.023528,0,0,0,0,1,0,0
2020/1/18,0.001542,0,0,0,0,0,1,0
2020/1/19,-0.026453,0,0,0,0,0,0,1
2020/1/20,-0.005582,1,0,0,0,0,0,0
2020/1/21,0.010194,0,1,0,0,0,0,0
2020/1/22,-0.007434,0,0,1,0,0,0,0
2020/1/23,-0.031605,0,0,0,1,0,0,0
2020/1/24,0.004630,0,0,0,0,1,0,0
2020/1/25,-0.009187,0,0,0,0,0,1,0
2020/1/26,0.027365,0,0,0,0,0,0,1
2020/1/27,0.036408,1,0,0,0,0,0,0
2020/1/28,0.050368,0,1,0,0,0,0,0
2020/1/29,-0.004484,0,0,1,0,0,0,0
2020/1/30,0.020647,0,0,0,1,0,0,0
2020/1/31,-0.016665,0,0,0,0,1,0,0
2020/2/1,0.004529,0,0,0,0,0,1,0
2020/2/2,-0.005165,0,0,0,0,0,0,1
2020/2/3,-0.005441,1,0,0,0,0,0,0
2020/2/4,-0.012112,0,1,0,0,0,0,0
2020/2/5,0.047104,0,0,1,0,0,0,0
2020/2/6,0.012106,0,0,0,1,0,0,0
2020/2/7,0.006798,0,0,0,0,1,0,0
2020/2/8,0.007062,0,0,0,0,0,1,0
2020/2/9,0.025499,0,0,0,0,0,0,1
2020/2/10,-0.025706,1,0,0,0,0,0,0
2020/2/11,0.035674,0,1,0,0,0,0,0
2020/2/12,0.011542,0,0,1,0,0,0,0
2020/2/13,-0.010815,0,0,0,1,0,0,0
2020/2/14,0.009569,0,0,0,0,1,0,0
2020/2/15,-0.040990,0,0,0,0,0,1,0
2020/2/16,0.004551,0,0,0,0,0,0,1
2020/2/17,-0.024590,1,0,0,0,0,0,0
2020/2/18,0.046630,0,1,0,0,0,0,0
2020/2/19,-0.050149,0,0,1,0,0,0,0
2020/2/20,-0.002586,0,0,0,1,0,0,0
2020/2/21,0.008114,0,0,0,0,1,0,0
2020/2/22,-0.002401,0,0,0,0,0,1,0
2020/2/23,0.027044,0,0,0,0,0,0,1
2020/2/24,-0.027643,1,0,0,0,0,0,0
2020/2/25,-0.031965,0,1,0,0,0,0,0
2020/2/26,-0.055791,0,0,1,0,0,0,0
2020/2/27,-0.004085,0,0,0,1,0,0,0
2020/2/28,-0.012754,0,0,0,0,1,0,0
2020/2/29,-0.008411,0,0,0,0,0,1,0
2020/3/1,-0.004309,0,0,0,0,0,0,1
2020/3/2,0.035879,1,0,0,0,0,0,0
2020/3/3,-0.009232,0,1,0,0,0,0,0
2020/3/4,-0.003703,0,0,1,0,0,0,0
2020/3/5,0.036951,0,0,0,1,0,0,0
2020/3/6,0.004823,0,0,0,0,1,0,0
2020/3/7,-0.023304,0,0,0,0,0,1,0
2020/3/8,-0.089993,0,0,0,0,0,0,1
2020/3/9,-0.022751,1,0,0,0,0,0,0
2020/3/10,-0.001756,0,1,0,0,0,0,0
2020/3/11,0.000215,0,0,1,0,0,0,0
2020/3/12,-0.371695,0,0,0,1,0,0,0
2020/3/13,0.119281,0,0,0,0,1,0,0
2020/3/14,-0.065306,0,0,0,0,0,1,0
2020/3/15,0.036911,0,0,0,0,0,0,1
2020/3/16,-0.070069,1,0,0,0,0,0,0
2020/3/17,0.042108,0,1,0,0,0,0,0
2020/3/18,0.002451,0,0,1,0,0,0,0
2020/3/19,0.181878,0,0,0,1,0,0,0
2020/3/20,0.001225,0,0,0,0,1,0,0
2020/3/21,-0.002212,0,0,0,0,0,1,0
2020/3/22,-0.057366,0,0,0,0,0,0,1
2020/3/23,0.100520,1,0,0,0,0,0,0
2020/3/24,0.049637,0,1,0,0,0,0,0
2020/3/25,-0.007980,0,0,1,0,0,0,0
2020/3/26,0.005295,0,0,0,1,0,0,0
2020/3/27,-0.036722,0,0,0,0,1,0,0
2020/3/28,-0.035180,0,0,0,0,0,1,0
2020/3/29,-0.051288,0,0,0,0,0,0,1
2020/3/30,0.085747,1,0,0,0,0,0,0
2020/3/31,0.001369,0,1,0,0,0,0,0
2020/4/1,0.026113,0,0,1,0,0,0,0
2020/4/2,0.028281,0,0,0,1,0,0,0
2020/4/3,-0.008867,0,0,0,0,1,0,0
2020/4/4,0.019922,0,0,0,0,0,1,0
2020/4/5,-0.011125,0,0,0,0,0,0,1
2020/4/6,0.070776,1,0,0,0,0,0,0
2020/4/7,-0.013115,0,1,0,0,0,0,0
2020/4/8,0.021973,0,0,1,0,0,0,0
2020/4/9,-0.004364,0,0,0,1,0,0,0
2020/4/10,-0.059791,0,0,0,0,1,0,0
2020/4/11,-0.000934,0,0,0,0,0,1,0
2020/4/12,0.016330,0,0,0,0,0,0,1
2020/4/13,-0.018082,1,0,0,0,0,0,0
2020/4/14,-0.000381,0,1,0,0,0,0,0
2020/4/15,-0.029276,0,0,1,0,0,0,0
2020/4/16,0.071467,0,0,0,1,0,0,0
2020/4/17,-0.002897,0,0,0,0,1,0,0
2020/4/18,0.022756,0,0,0,0,0,1,0
2020/4/19,-0.009403,0,0,0,0,0,0,1
2020/4/20,-0.042766,1,0,0,0,0,0,0
2020/4/21,-0.000238,0,1,0,0,0,0,0
2020/4/22,0.034429,0,0,1,0,0,0,0
2020/4/23,0.043910,0,0,0,1,0,0,0
2020/4/24,0.016310,0,0,0,0,1,0,0
2020/4/25,0.002521,0,0,0,0,0,1,0
2020/4/26,0.014522,0,0,0,0,0,0,1
2020/4/27,0.015070,1,0,0,0,0,0,0
2020/4/28,0.001470,0,1,0,0,0,0,0
2020/4/29,0.127318,0,0,1,0,0,0,0
2020/4/30,-0.016189,0,0,0,1,0,0,0
2020/5/1,0.023816,0,0,0,0,1,0,0
2020/5/2,0.013969,0,0,0,0,0,1,0
2020/5/3,-0.010138,0,0,0,0,0,0,1
2020/5/4,0.001707,1,0,0,0,0,0,0
2020/5/5,0.010145,0,1,0,0,0,0,0
2020/5/6,0.029511,0,0,1,0,0,0,0
2020/5/7,0.073662,0,0,0,1,0,0,0
2020/5/8,-0.010938,0,0,0,0,1,0,0
2020/5/9,-0.025275,0,0,0,0,0,1,0
2020/5/10,-0.087292,0,0,0,0,0,0,1
2020/5/11,-0.017660,1,0,0,0,0,0,0
2020/5/12,0.023563,0,1,0,0,0,0,0
2020/5/13,0.052872,0,0,1,0,0,0,0
2020/5/14,0.050025,0,0,0,1,0,0,0
2020/5/15,-0.041662,0,0,0,0,1,0,0
2020/5/16,0.005233,0,0,0,0,0,1,0
2020/5/17,0.031324,0,0,0,0,0,0,1
2020/5/18,0.005774,1,0,0,0,0,0,0
2020/5/19,0.000253,0,1,0,0,0,0,0
2020/5/20,-0.021180,0,0,1,0,0,0,0
2020/5/21,-0.046332,0,0,0,1,0,0,0
2020/5/22,0.011101,0,0,0,0,1,0,0
2020/5/23,0.002909,0,0,0,0,0,1,0
2020/5/24,-0.045489,0,0,0,0,0,0,1
2020/5/25,0.013261,1,0,0,0,0,0,0
2020/5/26,-0.008070,0,1,0,0,0,0,0
2020/5/27,0.039158,0,0,1,0,0,0,0
2020/5/28,0.037548,0,0,0,1,0,0,0
2020/5/29,-0.009094,0,0,0,0,1,0,0
2020/5/30,0.027682,0,0,0,0,0,1,0
2020/5/31,-0.024675,0,0,0,0,0,0,1
2020/6/1,0.074644,1,0,0,0,0,0,0
2020/6/2,-0.062698,0,1,0,0,0,0,0
2020/6/3,0.013318,0,0,1,0,0,0,0
2020/6/4,0.014904,0,0,0,1,0,0,0
2020/6/5,-0.013785,0,0,0,0,1,0,0
2020/6/6,-0.001226,0,0,0,0,0,1,0
2020/6/7,0.010895,0,0,0,0,0,0,1
2020/6/8,0.001295,1,0,0,0,0,0,0
2020/6/9,0.002478,0,1,0,0,0,0,0
2020/6/10,0.007595,0,0,1,0,0,0,0
2020/6/11,-0.055553,0,0,0,1,0,0,0
2020/6/12,0.017064,0,0,0,0,1,0,0
2020/6/13,-0.000587,0,0,0,0,0,1,0
2020/6/14,-0.009339,0,0,0,0,0,0,1
2020/6/15,0.006809,1,0,0,0,0,0,0
2020/6/16,0.009240,0,1,0,0,0,0,0
2020/6/17,-0.006057,0,0,1,0,0,0,0
2020/6/18,-0.007216,0,0,0,1,0,0,0
2020/6/19,-0.013156,0,0,0,0,1,0,0
2020/6/20,0.004772,0,0,0,0,0,1,0
2020/6/21,-0.003076,0,0,0,0,0,0,1
2020/6/22,0.037092,1,0,0,0,0,0,0
2020/6/23,-0.001975,0,1,0,0,0,0,0
2020/6/24,-0.032820,0,0,1,0,0,0,0
2020/6/25,-0.005239,0,0,0,1,0,0,0
2020/6/26,-0.010998,0,0,0,0,1,0,0
2020/6/27,-0.012826,0,0,0,0,0,1,0
2020/6/28,0.010855,0,0,0,0,0,0,1
2020/6/29,0.005170,1,0,0,0,0,0,0
2020/6/30,-0.005752,0,1,0,0,0,0,0
2020/7/1,0.009885,0,0,1,0,0,0,0
2020/7/2,-0.011369,0,0,0,1,0,0,0
2020/7/3,-0.003958,0,0,0,0,1,0,0
2020/7/4,0.004972,0,0,0,0,0,1,0
2020/7/5,-0.006411,0,0,0,0,0,0,1
2020/7/6,0.033231,1,0,0,0,0,0,0
2020/7/7,-0.013140,0,1,0,0,0,0,0
2020/7/8,0.019028,0,0,1,0,0,0,0
2020/7/9,-0.015948,0,0,0,1,0,0,0
2020/7/10,0.000091,0,0,0,0,1,0,0
2020/7/11,-0.004145,0,0,0,0,0,1,0
2020/7/12,0.003913,0,0,0,0,0,0,1
2020/7/13,-0.003545,1,0,0,0,0,0,0
2020/7/14,-0.000043,0,1,0,0,0,0,0
2020/7/15,-0.005450,0,0,1,0,0,0,0
2020/7/16,-0.006593,0,0,0,1,0,0,0
2020/7/17,0.002099,0,0,0,0,1,0,0
2020/7/18,0.000836,0,0,0,0,0,1,0
2020/7/19,0.002924,0,0,0,0,0,0,1
2020/7/20,-0.002350,1,0,0,0,0,0,0
2020/7/21,0.022987,0,1,0,0,0,0,0
2020/7/22,0.016051,0,0,1,0,0,0,0
2020/7/23,0.005848,0,0,0,1,0,0,0
2020/7/24,-0.004611,0,0,0,0,1,0,0
2020/7/25,0.014703,0,0,0,0,0,1,0
2020/7/26,0.023566,0,0,0,0,0,0,1
2020/7/27,0.109610,1,0,0,0,0,0,0
2020/7/28,-0.007101,0,1,0,0,0,0,0
2020/7/29,0.017195,0,0,1,0,0,0,0
2020/7/30,0.000968,0,0,0,1,0,0,0
2020/7/31,0.019103,0,0,0,0,1,0,0
2020/8/1,0.038515,0,0,0,0,0,1,0
2020/8/2,-0.060034,0,0,0,0,0,0,1
2020/8/3,0.017436,1,0,0,0,0,0,0
2020/8/4,-0.003597,0,1,0,0,0,0,0
2020/8/5,0.048290,0,0,1,0,0,0,0
2020/8/6,0.002788,0,0,0,1,0,0,0
2020/8/7,-0.015136,0,0,0,0,1,0,0
2020/8/8,0.013151,0,0,0,0,0,1,0
2020/8/9,-0.006662,0,0,0,0,0,0,1
2020/8/10,0.017333,1,0,0,0,0,0,0
2020/8/11,-0.039365,0,1,0,0,0,0,0
2020/8/12,0.015285,0,0,1,0,0,0,0
2020/8/13,0.017195,0,0,0,1,0,0,0
2020/8/14,-0.001296,0,0,0,0,1,0,0
2020/8/15,0.008227,0,0,0,0,0,1,0
2020/8/16,0.002284,0,0,0,0,0,0,1
2020/8/17,0.030405,1,0,0,0,0,0,0
2020/8/18,-0.021475,0,1,0,0,0,0,0
2020/8/19,-0.019427,0,0,1,0,0,0,0
2020/8/20,0.010213,0,0,0,1,0,0,0
2020/8/21,-0.024068,0,0,0,0,1,0,0
2020/8/22,0.007706,0,0,0,0,0,1,0
2020/8/23,-0.001453,0,0,0,0,0,0,1
2020/8/24,0.009408,1,0,0,0,0,0,0
2020/8/25,-0.034690,0,1,0,0,0,0,0
2020/8/26,0.010754,0,0,1,0,0,0,0
2020/8/27,-0.014359,0,0,0,1,0,0,0
2020/8/28,0.019350,0,0,0,0,1,0,0
2020/8/29,-0.003087,0,0,0,0,0,1,0
2020/8/30,0.017784,0,0,0,0,0,0,1
2020/8/31,-0.002620,1,0,0,0,0,0,0
2020/9/1,0.024798,0,1,0,0,0,0,0
2020/9/2,-0.046485,0,0,1,0,0,0,0
2020/9/3,-0.102395,0,0,0,1,0,0,0
2020/9/4,0.026014,0,0,0,0,1,0,0
2020/9/5,-0.032558,0,0,0,0,0,1,0
2020/9/6,0.010894,0,0,0,0,0,0,1
2020/9/7,0.008678,1,0,0,0,0,0,0
2020/9/8,-0.022956,0,1,0,0,0,0,0
2020/9/9,0.010939,0,0,1,0,0,0,0
2020/9/10,0.011793,0,0,0,1,0,0,0
2020/9/11,0.003645,0,0,0,0,1,0,0
2020/9/12,0.003967,0,0,0,0,0,1,0
2020/9/13,-0.011340,0,0,0,0,0,0,1
2020/9/14,0.034588,1,0,0,0,0,0,0
2020/9/15,0.010871,0,1,0,0,0,0,0
2020/9/16,0.016482,0,0,1,0,0,0,0
2020/9/17,-0.002361,0,0,0,1,0,0,0
2020/9/18,-0.000402,0,0,0,0,1,0,0
2020/9/19,0.013684,0,0,0,0,0,1,0
2020/9/20,-0.014068,0,0,0,0,0,0,1
2020/9/21,-0.043518,1,0,0,0,0,0,0
2020/9/22,0.007283,0,1,0,0,0,0,0
2020/9/23,-0.027734,0,0,1,0,0,0,0
2020/9/24,0.050153,0,0,0,1,0,0,0
2020/9/25,-0.006259,0,0,0,0,1,0,0
2020/9/26,0.005425,0,0,0,0,0,1,0
2020/9/27,0.002283,0,0,0,0,0,0,1
2020/9/28,-0.006090,1,0,0,0,0,0,0
2020/9/29,0.012604,0,1,0,0,0,0,0
2020/9/30,-0.005546,0,0,1,0,0,0,0
2020/10/1,-0.015303,0,0,0,1,0,0,0
2020/10/2,-0.004094,0,0,0,0,1,0,0
2020/10/3,-0.002519,0,0,0,0,0,1,0
2020/10/4,0.011399,0,0,0,0,0,0,1
2020/10/5,0.011599,1,0,0,0,0,0,0
2020/10/6,-0.017505,0,1,0,0,0,0,0
2020/10/7,0.006088,0,0,1,0,0,0,0
2020/10/8,0.023125,0,0,0,1,0,0,0
2020/10/9,0.013629,0,0,0,0,1,0,0
2020/10/10,0.020959,0,0,0,0,0,1,0
2020/10/11,0.007774,0,0,0,0,0,0,1
2020/10/12,0.015037,1,0,0,0,0,0,0
2020/10/13,-0.011204,0,1,0,0,0,0,0
2020/10/14,0.000316,0,0,1,0,0,0,0
2020/10/15,0.005761,0,0,0,1,0,0,0
2020/10/16,-0.015069,0,0,0,0,1,0,0
2020/10/17,0.003178,0,0,0,0,0,1,0
2020/10/18,0.011028,0,0,0,0,0,0,1
2020/10/19,0.022526,1,0,0,0,0,0,0
2020/10/20,0.014844,0,1,0,0,0,0,0
2020/10/21,0.076144,0,0,1,0,0,0,0
2020/10/22,0.011089,0,0,0,1,0,0,0
2020/10/23,-0.002649,0,0,0,0,1,0,0
2020/10/24,0.013651,0,0,0,0,0,1,0
2020/10/25,-0.005866,0,0,0,0,0,0,1
2020/10/26,0.003382,1,0,0,0,0,0,0
2020/10/27,0.044280,0,1,0,0,0,0,0
2020/10/28,-0.028045,0,0,1,0,0,0,0
2020/10/29,0.012553,0,0,0,1,0,0,0
2020/10/30,0.008085,0,0,0,0,1,0,0
2020/10/31,0.017309,0,0,0,0,0,1,0
2020/11/1,-0.003185,0,0,0,0,0,0,1
2020/11/2,-0.013585,1,0,0,0,0,0,0
2020/11/3,0.029505,0,1,0,0,0,0,0
2020/11/4,0.013147,0,0,1,0,0,0,0
2020/11/5,0.102319,0,0,0,1,0,0,0
2020/11/6,-0.000897,0,0,0,0,1,0,0
2020/11/7,-0.047034,0,0,0,0,0,1,0
2020/11/8,0.043537,0,0,0,0,0,0,1
2020/11/9,-0.009513,1,0,0,0,0,0,0
2020/11/10,-0.002701,0,1,0,0,0,0,0
2020/11/11,0.026842,0,0,1,0,0,0,0
2020/11/12,0.036621,0,0,0,1,0,0,0
2020/11/13,0.002548,0,0,0,0,1,0,0
2020/11/14,-0.015300,0,0,0,0,0,1,0
2020/11/15,-0.007005,0,0,0,0,0,0,1
2020/11/16,0.047665,1,0,0,0,0,0,0
2020/11/17,0.055593,0,1,0,0,0,0,0
2020/11/18,0.008988,0,0,1,0,0,0,0
2020/11/19,0.000735,0,0,0,1,0,0,0
2020/11/20,0.045138,0,0,0,0,1,0,0
2020/11/21,0.001123,0,0,0,0,0,1,0
2020/11/22,-0.014603,0,0,0,0,0,0,1
2020/11/23,-0.000320,1,0,0,0,0,0,0
2020/11/24,0.040478,0,1,0,0,0,0,0
2020/11/25,-0.019644,0,0,1,0,0,0,0
2020/11/26,-0.084427,0,0,0,1,0,0,0
2020/11/27,-0.002462,0,0,0,0,1,0,0
2020/11/28,0.035597,0,0,0,0,0,1,0
2020/11/29,0.025967,0,0,0,0,0,0,1
2020/11/30,0.079678,1,0,0,0,0,0,0
2020/12/1,-0.041926,0,1,0,0,0,0,0
2020/12/2,0.021172,0,0,1,0,0,0,0
2020/12/3,0.012724,0,0,0,1,0,0,0
2020/12/4,-0.038345,0,0,0,0,1,0,0
2020/12/5,0.024303,0,0,0,0,0,1,0
2020/12/6,0.009966,0,0,0,0,0,0,1
2020/12/7,-0.007934,1,0,0,0,0,0,0
2020/12/8,-0.045358,0,1,0,0,0,0,0
2020/12/9,0.012705,0,0,1,0,0,0,0
2020/12/10,-0.015572,0,0,0,1,0,0,0
2020/12/11,-0.011283,0,0,0,0,1,0,0
2020/12/12,0.041240,0,0,0,0,0,1,0
2020/12/13,0.018014,0,0,0,0,0,0,1
2020/12/14,0.005447,1,0,0,0,0,0,0
2020/12/15,0.008855,0,1,0,0,0,0,0
2020/12/16,0.097518,0,0,1,0,0,0,0
2020/12/17,0.070132,0,0,0,1,0,0,0
2020/12/18,0.014593,0,0,0,0,1,0,0
2020/12/19,0.031631,0,0,0,0,0,1,0
2020/12/20,-0.016445,0,0,0,0,0,0,1
2020/12/21,-0.028718,1,0,0,0,0,0,0
2020/12/22,0.042974,0,1,0,0,0,0,0
2020/12/23,-0.022776,0,0,1,0,0,0,0
2020/12/24,0.021281,0,0,0,1,0,0,0
2020/12/25,0.039132,0,0,0,0,1,0,0
2020/12/26,0.071853,0,0,0,0,0,1,0
2020/12/27,-0.006231,0,0,0,0,0,0,1
2020/12/28,0.030927,1,0,0,0,0,0,0
2020/12/29,0.010250,0,1,0,0,0,0,0
2020/12/30,0.054034,0,0,1,0,0,0,0
2020/12/31,0.005574,0,0,0,1,0,0,0
2021/1/1,0.012842,0,0,0,0,1,0,0
2021/1/2,0.093726,0,0,0,0,0,1,0
2021/1/3,0.020380,0,0,0,0,0,0,1
2021/1/4,-0.024712,1,0,0,0,0,0,0
2021/1/5,0.063197,0,1,0,0,0,0,0
2021/1/6,0.083311,0,0,1,0,0,0,0
2021/1/7,0.069157,0,0,0,1,0,0,0
2021/1/8,0.036234,0,0,0,0,1,0,0
2021/1/9,-0.013311,0,0,0,0,0,1,0
2021/1/10,-0.047153,0,0,0,0,0,0,1
2021/1/11,-0.072733,1,0,0,0,0,0,0
2021/1/12,-0.046215,0,1,0,0,0,0,0
2021/1/13,0.100032,0,0,1,0,0,0,0
2021/1/14,0.050138,0,0,0,1,0,0,0
2021/1/15,-0.060274,0,0,0,0,1,0,0
2021/1/16,-0.017576,0,0,0,0,0,1,0
2021/1/17,-0.010693,0,0,0,0,0,0,1
2021/1/18,0.023436,1,0,0,0,0,0,0
2021/1/19,-0.015295,0,1,0,0,0,0,0
2021/1/20,-0.014473,0,0,1,0,0,0,0
2021/1/21,-0.132837,0,0,0,1,0,0,0
2021/1/22,0.070722,0,0,0,0,1,0,0
2021/1/23,-0.028423,0,0,0,0,0,1,0
2021/1/24,0.006915,0,0,0,0,0,0,1
2021/1/25,0.002385,1,0,0,0,0,0,0
2021/1/26,0.006286,0,1,0,0,0,0,0
2021/1/27,-0.065622,0,0,1,0,0,0,0
2021/1/28,0.099681,0,0,0,1,0,0,0
2021/1/29,0.025407,0,0,0,0,1,0,0
2021/1/30,-0.001366,0,0,0,0,0,1,0
2021/1/31,-0.033708,0,0,0,0,0,0,1
2021/2/1,0.012768,1,0,0,0,0,0,0
2021/2/2,0.058834,0,1,0,0,0,0,0
2021/2/3,0.055246,0,0,1,0,0,0,0
2021/2/4,-0.014571,0,0,0,1,0,0,0
2021/2/5,0.032991,0,0,0,0,1,0,0
2021/2/6,0.029407,0,0,0,0,0,1,0
2021/2/7,-0.009234,0,0,0,0,0,0,1
2021/2/8,0.187465,1,0,0,0,0,0,0
2021/2/9,0.006162,0,1,0,0,0,0,0
2021/2/10,-0.033625,0,0,1,0,0,0,0
2021/2/11,0.066591,0,0,0,1,0,0,0
2021/2/12,-0.008443,0,0,0,0,1,0,0
2021/2/13,-0.008406,0,0,0,0,0,1,0
2021/2/14,0.034216,0,0,0,0,0,0,1
2021/2/15,-0.015851,1,0,0,0,0,0,0
2021/2/16,0.026172,0,1,0,0,0,0,0
2021/2/17,0.059942,0,0,1,0,0,0,0
2021/2/18,-0.008998,0,0,0,1,0,0,0
2021/2/19,0.081431,0,0,0,0,1,0,0
2021/2/20,0.003782,0,0,0,0,0,1,0
2021/2/21,0.025676,0,0,0,0,0,0,1
2021/2/22,-0.057918,1,0,0,0,0,0,0
2021/2/23,-0.099302,0,1,0,0,0,0,0
2021/2/24,0.018042,0,0,1,0,0,0,0
2021/2/25,-0.052539,0,0,0,1,0,0,0
2021/2/26,-0.016012,0,0,0,0,1,0,0
2021/2/27,-0.003265,0,0,0,0,0,1,0
2021/2/28,-0.022748,0,0,0,0,0,0,1
2021/3/1,0.099550,1,0,0,0,0,0,0
2021/3/2,-0.025231,0,1,0,0,0,0,0
2021/3/3,0.044632,0,0,1,0,0,0,0
2021/3/4,-0.039120,0,0,0,1,0,0,0
2021/3/5,0.007540,0,0,0,0,1,0,0
2021/3/6,-0.000305,0,0,0,0,0,1,0
2021/3/7,0.046906,0,0,0,0,0,0,1
2021/3/8,0.020307,1,0,0,0,0,0,0
2021/3/9,0.049335,0,1,0,0,0,0,0
2021/3/10,0.021604,0,0,1,0,0,0,0
2021/3/11,0.032077,0,0,0,1,0,0,0
2021/3/12,-0.008183,0,0,0,0,1,0,0
2021/3/13,0.068217,0,0,0,0,0,1,0
2021/3/14,-0.031690,0,0,0,0,0,0,1
2021/3/15,-0.057251,1,0,0,0,0,0,0
2021/3/16,0.016057,0,1,0,0,0,0,0
2021/3/17,0.036370,0,0,1,0,0,0,0
2021/3/18,-0.017190,0,0,0,1,0,0,0
2021/3/19,0.008430,0,0,0,0,1,0,0
2021/3/20,-0.000566,0,0,0,0,0,1,0
2021/3/21,-0.013551,0,0,0,0,0,0,1
2021/3/22,-0.052053,1,0,0,0,0,0,0
2021/3/23,0.003847,0,1,0,0,0,0,0
2021/3/24,-0.035892,0,0,1,0,0,0,0
2021/3/25,-0.020277,0,0,0,1,0,0,0
2021/3/26,0.066400,0,0,0,0,1,0,0
2021/3/27,0.015166,0,0,0,0,0,1,0
2021/3/28,-0.000407,0,0,0,0,0,0,1
2021/3/29,0.032161,1,0,0,0,0,0,0
2021/3/30,0.020216,0,1,0,0,0,0,0
2021/3/31,0.000019,0,0,1,0,0,0,0
2021/4/1,0.003004,0,0,0,1,0,0,0
2021/4/2,0.004882,0,0,0,0,1,0,0
2021/4/3,-0.029981,0,0,0,0,0,1,0
2021/4/4,0.020045,0,0,0,0,0,0,1
2021/4/5,0.005094,1,0,0,0,0,0,0
2021/4/6,-0.014655,0,1,0,0,0,0,0
2021/4/7,-0.036833,0,0,1,0,0,0,0
2021/4/8,0.040590,0,0,0,1,0,0,0
2021/4/9,-0.001354,0,0,0,0,1,0,0
2021/4/10,0.026581,0,0,0,0,0,1,0
2021/4/11,0.006886,0,0,0,0,0,0,1
2021/4/12,-0.005174,1,0,0,0,0,0,0
2021/4/13,0.060274,0,1,0,0,0,0,0
2021/4/14,-0.006201,0,0,1,0,0,0,0
2021/4/15,0.003237,0,0,0,1,0,0,0
2021/4/16,-0.027501,0,0,0,0,1,0,0
2021/4/17,-0.014438,0,0,0,0,0,1,0
2021/4/18,-0.073622,0,0,0,0,0,0,1
2021/4/19,-0.008750,1,0,0,0,0,0,0
2021/4/20,0.013437,0,1,0,0,0,0,0
2021/4/21,-0.045454,0,0,1,0,0,0,0
2021/4/22,-0.039769,0,0,0,1,0,0,0
2021/4/23,-0.012917,0,0,0,0,1,0,0
2021/4/24,-0.020409,0,0,0,0,0,1,0
2021/4/25,-0.020911,0,0,0,0,0,0,1
2021/4/26,0.102389,1,0,0,0,0,0,0
2021/4/27,0.018721,0,1,0,0,0,0,0
2021/4/28,-0.003787,0,0,1,0,0,0,0
2021/4/29,-0.023157,0,0,0,1,0,0,0
2021/4/30,0.078332,0,0,0,0,1,0,0
2021/5/1,0.001348,0,0,0,0,0,1,0
2021/5/2,-0.020699,0,0,0,0,0,0,1
2021/5/3,0.010051,1,0,0,0,0,0,0
2021/5/4,-0.067600,0,1,0,0,0,0,0
2021/5/5,0.076696,0,0,1,0,0,0,0
2021/5/6,-0.017893,0,0,0,1,0,0,0
2021/5/7,0.017020,0,0,0,0,1,0,0
2021/5/8,0.025235,0,0,0,0,0,1,0
2021/5/9,-0.009718,0,0,0,0,0,0,1
2021/5/10,-0.040742,1,0,0,0,0,0,0
2021/5/11,0.015123,0,1,0,0,0,0,0
2021/5/12,-0.133217,0,0,1,0,0,0,0
2021/5/13,0.011509,0,0,0,1,0,0,0
2021/5/14,0.003306,0,0,0,0,1,0,0
2021/5/15,-0.062556,0,0,0,0,0,1,0
2021/5/16,-0.006504,0,0,0,0,0,0,1
2021/5/17,-0.062824,1,0,0,0,0,0,0
2021/5/18,-0.014427,0,1,0,0,0,0,0
2021/5/19,-0.137661,0,0,1,0,0,0,0
2021/5/20,0.102163,0,0,0,1,0,0,0
2021/5/21,-0.085282,0,0,0,0,1,0,0
2021/5/22,0.006217,0,0,0,0,0,1,0
2021/5/23,-0.073689,0,0,0,0,0,0,1
2021/5/24,0.113182,1,0,0,0,0,0,0
2021/5/25,-0.007848,0,1,0,0,0,0,0
2021/5/26,0.023227,0,0,1,0,0,0,0
2021/5/27,-0.021816,0,0,0,1,0,0,0
2021/5/28,-0.071269,0,0,0,0,1,0,0
2021/5/29,-0.030297,0,0,0,0,0,1,0
2021/5/30,0.030681,0,0,0,0,0,0,1
2021/5/31,0.046379,1,0,0,0,0,0,0
2021/6/1,-0.017355,0,1,0,0,0,0,0
2021/6/2,0.024268,0,0,1,0,0,0,0
2021/6/3,0.043475,0,0,0,1,0,0,0
2021/6/4,-0.059027,0,0,0,0,1,0,0
2021/6/5,-0.036386,0,0,0,0,0,1,0
2021/6/6,0.008731,0,0,0,0,0,0,1
2021/6/7,-0.064181,1,0,0,0,0,0,0
2021/6/8,-0.002624,0,1,0,0,0,0,0
2021/6/9,0.115691,0,0,1,0,0,0,0
2021/6/10,-0.017205,0,0,0,1,0,0,0
2021/6/11,0.017214,0,0,0,0,1,0,0
2021/6/12,-0.047728,0,0,0,0,0,1,0
2021/6/13,0.099721,0,0,0,0,0,0,1
2021/6/14,0.028662,1,0,0,0,0,0,0
2021/6/15,0.004669,0,1,0,0,0,0,0
2021/6/16,-0.050963,0,0,1,0,0,0,0
2021/6/17,-0.007655,0,0,0,1,0,0,0
2021/6/18,-0.059555,0,0,0,0,1,0,0
2021/6/19,-0.004789,0,0,0,0,0,1,0
2021/6/20,0.002314,0,0,0,0,0,0,1
2021/6/21,-0.112655,1,0,0,0,0,0,0
2021/6/22,0.026170,0,1,0,0,0,0,0
2021/6/23,0.037451,0,0,1,0,0,0,0
2021/6/24,0.027857,0,0,0,1,0,0,0
2021/6/25,-0.087260,0,0,0,0,1,0,0
2021/6/26,0.017337,0,0,0,0,0,1,0
2021/6/27,0.076535,0,0,0,0,0,0,1
2021/6/28,-0.006214,1,0,0,0,0,0,0
2021/6/29,0.041628,0,1,0,0,0,0,0
2021/6/30,-0.023055,0,0,1,0,0,0,0
2021/7/1,-0.041914,0,0,0,1,0,0,0
2021/7/2,0.009679,0,0,0,0,1,0,0
2021/7/3,0.022760,0,0,0,0,0,1,0
2021/7/4,0.017862,0,0,0,0,0,0,1
2021/7/5,-0.043692,1,0,0,0,0,0,0
2021/7/6,0.014496,0,1,0,0,0,0,0
2021/7/7,-0.011096,0,0,1,0,0,0,0
2021/7/8,-0.028886,0,0,0,1,0,0,0
2021/7/9,0.028002,0,0,0,0,1,0,0
2021/7/10,-0.008210,0,0,0,0,0,1,0
2021/7/11,0.021469,0,0,0,0,0,0,1
2021/7/12,-0.031669,1,0,0,0,0,0,0
2021/7/13,-0.013688,0,1,0,0,0,0,0
2021/7/14,0.003679,0,0,1,0,0,0,0
2021/7/15,-0.031735,0,0,0,1,0,0,0
2021/7/16,-0.011302,0,0,0,0,1,0,0
2021/7/17,0.003549,0,0,0,0,0,1,0
2021/7/18,0.008364,0,0,0,0,0,0,1
2021/7/19,-0.030789,1,0,0,0,0,0,0
2021/7/20,-0.032789,0,1,0,0,0,0,0
2021/7/21,0.077274,0,0,1,0,0,0,0
2021/7/22,0.006304,0,0,0,1,0,0,0
2021/7/23,0.039255,0,0,0,0,1,0,0
2021/7/24,0.021169,0,0,0,0,0,1,0
2021/7/25,0.030845,0,0,0,0,0,0,1
2021/7/26,0.056219,1,0,0,0,0,0,0
2021/7/27,0.055424,0,1,0,0,0,0,0
2021/7/28,0.014946,0,0,1,0,0,0,0
2021/7/29,0.000313,0,0,0,1,0,0,0
2021/7/30,0.055666,0,0,0,0,1,0,0
2021/7/31,-0.014427,0,0,0,0,0,1,0
2021/8/1,-0.039670,0,0,0,0,0,0,1
2021/8/2,-0.019336,1,0,0,0,0,0,0
2021/8/3,-0.026758,0,1,0,0,0,0,0
2021/8/4,0.041793,0,0,1,0,0,0,0
2021/8/5,0.028229,0,0,0,1,0,0,0
2021/8/6,0.047638,0,0,0,0,1,0,0
2021/8/7,0.040622,0,0,0,0,0,1,0
2021/8/8,-0.017005,0,0,0,0,0,0,1
2021/8/9,0.058616,1,0,0,0,0,0,0
2021/8/10,-0.016831,0,1,0,0,0,0,0
2021/8/11,0.000189,0,0,1,0,0,0,0
2021/8/12,-0.025559,0,0,0,1,0,0,0
2021/8/13,0.075741,0,0,0,0,1,0,0
2021/8/14,-0.014571,0,0,0,0,0,1,0
2021/8/15,-0.001060,0,0,0,0,0,0,1
2021/8/16,-0.022159,1,0,0,0,0,0,0
2021/8/17,-0.028456,0,1,0,0,0,0,0
2021/8/18,0.002368,0,0,1,0,0,0,0
2021/8/19,0.042775,0,0,0,1,0,0,0
2021/8/20,0.056116,0,0,0,0,1,0,0
2021/8/21,-0.008790,0,0,0,0,0,1,0
2021/8/22,0.008509,0,0,0,0,0,0,1
2021/8/23,0.004552,1,0,0,0,0,0,0
2021/8/24,-0.037138,0,1,0,0,0,0,0
2021/8/25,0.026300,0,0,1,0,0,0,0
2021/8/26,-0.041228,0,0,0,1,0,0,0
2021/8/27,0.045086,0,0,0,0,1,0,0
2021/8/28,-0.003185,0,0,0,0,0,1,0
2021/8/29,-0.001484,0,0,0,0,0,0,1
2021/8/30,-0.036348,1,0,0,0,0,0,0
2021/8/31,0.002374,0,1,0,0,0,0,0
2021/9/1,0.035626,0,0,1,0,0,0,0
2021/9/2,0.009841,0,0,0,1,0,0,0
2021/9/3,0.014143,0,0,0,0,1,0,0
2021/9/4,-0.001614,0,0,0,0,0,1,0
2021/9/5,0.036216,0,0,0,0,0,0,1
2021/9/6,0.017006,1,0,0,0,0,0,0
2021/9/7,-0.110622,0,1,0,0,0,0,0
2021/9/8,-0.015375,0,0,1,0,0,0,0
2021/9/9,0.006509,0,0,0,1,0,0,0
2021/9/10,-0.032495,0,0,0,0,1,0,0
2021/9/11,0.007075,0,0,0,0,0,1,0
2021/9/12,0.019066,0,0,0,0,0,0,1
2021/9/13,-0.023884,1,0,0,0,0,0,0
2021/9/14,0.047359,0,1,0,0,0,0,0
2021/9/15,0.023015,0,0,1,0,0,0,0
2021/9/16,-0.008157,0,0,0,1,0,0,0
2021/9/17,-0.010795,0,0,0,0,1,0,0
2021/9/18,0.021386,0,0,0,0,0,1,0
2021/9/19,-0.021089,0,0,0,0,0,0,1
2021/9/20,-0.093449,1,0,0,0,0,0,0
2021/9/21,-0.050185,0,1,0,0,0,0,0
2021/9/22,0.070793,0,0,1,0,0,0,0
2021/9/23,0.030306,0,0,0,1,0,0,0
2021/9/24,-0.045781,0,0,0,0,1,0,0
2021/9/25,-0.002875,0,0,0,0,0,1,0
2021/9/26,0.011516,0,0,0,0,0,0,1
2021/9/27,-0.022514,1,0,0,0,0,0,0
2021/9/28,-0.028440,0,1,0,0,0,0,0
2021/9/29,0.012912,0,0,1,0,0,0,0
2021/9/30,0.053568,0,0,0,1,0,0,0
2021/10/1,0.098789,0,0,0,0,1,0,0
2021/10/2,-0.008426,0,0,0,0,0,1,0
2021/10/3,0.010238,0,0,0,0,0,0,1
2021/10/4,0.018941,1,0,0,0,0,0,0
2021/10/5,0.048906,0,1,0,0,0,0,0
2021/10/6,0.074670,0,0,1,0,0,0,0
2021/10/7,-0.028097,0,0,0,1,0,0,0
2021/10/8,0.003008,0,0,0,0,1,0,0
2021/10/9,0.018536,0,0,0,0,0,1,0
2021/10/10,-0.003577,0,0,0,0,0,0,1
2021/10/11,0.049537,1,0,0,0,0,0,0
2021/10/12,-0.025115,0,1,0,0,0,0,0
2021/10/13,0.024269,0,0,1,0,0,0,0
2021/10/14,-0.001386,0,0,0,1,0,0,0
2021/10/15,0.074534,0,0,0,0,1,0,0
2021/10/16,-0.011393,0,0,0,0,0,1,0
2021/10/17,0.010862,0,0,0,0,0,0,1
2021/10/18,0.007676,1,0,0,0,0,0,0
2021/10/19,0.036048,0,1,0,0,0,0,0
2021/10/20,0.026934,0,0,1,0,0,0,0
2021/10/21,-0.057319,0,0,0,1,0,0,0
2021/10/22,-0.024400,0,0,0,0,1,0,0
2021/10/23,0.011556,0,0,0,0,0,1,0
2021/10/24,-0.007538,0,0,0,0,0,0,1
2021/10/25,0.034613,1,0,0,0,0,0,0
2021/10/26,-0.042450,0,1,0,0,0,0,0
2021/10/27,-0.031168,0,0,1,0,0,0,0
2021/10/28,0.036588,0,0,0,1,0,0,0
2021/10/29,0.026489,0,0,0,0,1,0,0
2021/10/30,-0.005450,0,0,0,0,0,1,0
2021/10/31,-0.009208,0,0,0,0,0,0,1
2021/11/1,-0.005130,1,0,0,0,0,0,0
2021/11/2,0.036424,0,1,0,0,0,0,0
2021/11/3,-0.004055,0,0,1,0,0,0,0
2021/11/4,-0.024104,0,0,0,1,0,0,0
2021/11/5,-0.005314,0,0,0,0,1,0,0
2021/11/6,0.006573,0,0,0,0,0,1,0
2021/11/7,0.029247,0,0,0,0,0,0,1
2021/11/8,0.066952,1,0,0,0,0,0,0
2021/11/9,-0.008806,0,1,0,0,0,0,0
2021/11/10,-0.029514,0,0,1,0,0,0,0
2021/11/11,-0.000697,0,0,0,1,0,0,0
2021/11/12,-0.012225,0,0,0,0,1,0,0
2021/11/13,0.004888,0,0,0,0,0,1,0
2021/11/14,0.015470,0,0,0,0,0,0,1
2021/11/15,-0.029159,1,0,0,0,0,0,0
2021/11/16,-0.053441,0,1,0,0,0,0,0
2021/11/17,0.003437,0,0,1,0,0,0,0
2021/11/18,-0.056750,0,0,0,1,0,0,0
2021/11/19,0.020678,0,0,0,0,1,0,0
2021/11/20,0.027144,0,0,0,0,0,1,0
2021/11/21,-0.016194,0,0,0,0,0,0,1
2021/11/22,-0.041566,1,0,0,0,0,0,0
2021/11/23,0.022736,0,1,0,0,0,0,0
2021/11/24,-0.022384,0,0,1,0,0,0,0
2021/11/25,0.017666,0,0,0,1,0,0,0
2021/11/26,-0.064687,0,0,0,0,1,0,0
2021/11/27,0.023247,0,0,0,0,0,1,0
2021/11/28,0.044393,0,0,0,0,0,0,1
2021/11/29,0.009749,1,0,0,0,0,0,0
2021/11/30,-0.013859,0,1,0,0,0,0,0
2021/12/1,0.003937,0,0,1,0,0,0,0
2021/12/2,-0.013140,0,0,0,1,0,0,0
2021/12/3,-0.050986,0,0,0,0,1,0,0
2021/12/4,-0.082046,0,0,0,0,0,1,0
2021/12/5,0.003418,0,0,0,0,0,0,1
2021/12/6,0.024586,1,0,0,0,0,0,0
2021/12/7,0.002322,0,1,0,0,0,0,0
2021/12/8,-0.003852,0,0,1,0,0,0,0
2021/12/9,-0.056087,0,0,0,1,0,0,0
2021/12/10,-0.008995,0,0,0,0,1,0,0
2021/12/11,0.044857,0,0,0,0,0,1,0
2021/12/12,0.014907,0,0,0,0,0,0,1
2021/12/13,-0.067085,1,0,0,0,0,0,0
2021/12/14,-0.002671,0,1,0,0,0,0,0
2021/12/15,0.049002,0,0,1,0,0,0,0
2021/12/16,-0.025182,0,0,0,1,0,0,0
2021/12/17,-0.030699,0,0,0,0,1,0,0
2021/12/18,0.013996,0,0,0,0,0,1,0
2021/12/19,-0.003026,0,0,0,0,0,0,1
2021/12/20,0.003710,1,0,0,0,0,0,0
2021/12/21,0.043864,0,1,0,0,0,0,0
2021/12/22,-0.006296,0,0,1,0,0,0,0
2021/12/23,0.044337,0,0,0,1,0,0,0
2021/12/24,0.000741,0,0,0,0,1,0,0
2021/12/25,-0.007720,0,0,0,0,0,1,0
2021/12/26,0.007528,0,0,0,0,0,0,1
2021/12/27,-0.003328,1,0,0,0,0,0,0
2021/12/28,-0.060259,0,1,0,0,0,0,0
2021/12/29,-0.024042,0,0,1,0,0,0,0
2021/12/30,0.015791,0,0,0,1,0,0,0
2021/12/31,-0.018476,0,0,0,0,1,0,0
2022/1/1,0.029809,0,0,0,0,0,1,0
2022/1/2,-0.007163,0,0,0,0,0,0,1
2022/1/3,-0.018737,1,0,0,0,0,0,0
2022/1/4,-0.012066,0,1,0,0,0,0,0
2022/1/5,-0.050734,0,0,1,0,0,0,0
2022/1/6,-0.009366,0,0,0,1,0,0,0
2022/1/7,-0.037141,0,0,0,0,1,0,0
2022/1/8,0.004236,0,0,0,0,0,1,0
2022/1/9,0.004257,0,0,0,0,0,0,1
2022/1/10,-0.002155,1,0,0,0,0,0,0
2022/1/11,0.021869,0,1,0,0,0,0,0
2022/1/12,0.028389,0,0,1,0,0,0,0
2022/1/13,-0.030889,0,0,0,1,0,0,0
2022/1/14,0.011930,0,0,0,0,1,0,0
2022/1/15,0.001803,0,0,0,0,0,1,0
2022/1/16,-0.001471,0,0,0,0,0,0,1
2022/1/17,-0.020024,1,0,0,0,0,0,0
2022/1/18,0.002960,0,1,0,0,0,0,0
2022/1/19,-0.014898,0,0,1,0,0,0,0
2022/1/20,-0.025486,0,0,0,1,0,0,0
2022/1/21,-0.103812,0,0,0,0,1,0,0
2022/1/22,-0.039143,0,0,0,0,0,1,0
2022/1/23,0.035585,0,0,0,0,0,0,1
2022/1/24,0.010407,1,0,0,0,0,0,0
2022/1/25,0.008176,0,1,0,0,0,0,0
2022/1/26,-0.002757,0,0,1,0,0,0,0
2022/1/27,0.007764,0,0,0,1,0,0,0
2022/1/28,0.017397,0,0,0,0,1,0,0
2022/1/29,0.009365,0,0,0,0,0,1,0
2022/1/30,-0.005784,0,0,0,0,0,0,1
2022/1/31,0.014915,1,0,0,0,0,0,0
2022/2/1,0.006760,0,1,0,0,0,0,0
2022/2/2,-0.046209,0,0,1,0,0,0,0
2022/2/3,0.005456,0,0,0,1,0,0,0
2022/2/4,0.116978,0,0,0,0,1,0,0
2022/2/5,-0.001439,0,0,0,0,0,1,0
2022/2/6,0.023437,0,0,0,0,0,0,1
2022/2/7,0.033666,1,0,0,0,0,0,0
2022/2/8,0.006345,0,1,0,0,0,0,0
2022/2/9,0.004995,0,0,1,0,0,0,0
2022/2/10,-0.017449,0,0,0,1,0,0,0
2022/2/11,-0.026562,0,0,0,0,1,0,0
2022/2/12,-0.003855,0,0,0,0,0,1,0
2022/2/13,-0.001111,0,0,0,0,0,0,1
2022/2/14,0.009228,1,0,0,0,0,0,0
2022/2/15,0.046688,0,1,0,0,0,0,0
2022/2/16,-0.013760,0,0,1,0,0,0,0
2022/2/17,-0.077882,0,0,0,1,0,0,0
2022/2/18,-0.012508,0,0,0,0,1,0,0
2022/2/19,0.002278,0,0,0,0,0,1,0
2022/2/20,-0.042141,0,0,0,0,0,0,1
2022/2/21,-0.035286,1,0,0,0,0,0,0
2022/2/22,0.032656,0,1,0,0,0,0,0
2022/2/23,-0.025844,0,0,1,0,0,0,0
2022/2/24,0.027778,0,0,0,1,0,0,0
2022/2/25,0.022999,0,0,0,0,1,0,0
2022/2/26,-0.002781,0,0,0,0,0,1,0
2022/2/27,-0.035682,0,0,0,0,0,0,1
2022/2/28,0.145412,1,0,0,0,0,0,0
2022/3/1,0.026889,0,1,0,0,0,0,0
2022/3/2,-0.009706,0,0,1,0,0,0,0
2022/3/3,-0.033520,0,0,0,1,0,0,0
2022/3/4,-0.078069,0,0,0,0,1,0,0
2022/3/5,0.006719,0,0,0,0,0,1,0
2022/3/6,-0.024888,0,0,0,0,0,0,1
2022/3/7,-0.009317,1,0,0,0,0,0,0
2022/3/8,0.017740,0,1,0,0,0,0,0
2022/3/9,0.083786,0,0,1,0,0,0,0
2022/3/10,-0.060631,0,0,0,1,0,0,0
2022/3/11,-0.016291,0,0,0,0,1,0,0
2022/3/12,0.002811,0,0,0,0,0,1,0
2022/3/13,-0.027101,0,0,0,0,0,0,1
2022/3/14,0.048008,1,0,0,0,0,0,0
2022/3/15,-0.008268,0,1,0,0,0,0,0
2022/3/16,0.045887,0,0,1,0,0,0,0
2022/3/17,-0.004680,0,0,0,1,0,0,0
2022/3/18,0.020751,0,0,0,0,1,0,0
2022/3/19,0.009318,0,0,0,0,0,1,0
2022/3/20,-0.022347,0,0,0,0,0,0,1
2022/3/21,-0.004117,1,0,0,0,0,0,0
2022/3/22,0.031180,0,1,0,0,0,0,0
2022/3/23,0.012610,0,0,1,0,0,0,0
2022/3/24,0.024899,0,0,0,1,0,0,0
2022/3/25,0.008821,0,0,0,0,1,0,0
2022/3/26,0.003430,0,0,0,0,0,1,0
2022/3/27,0.052126,0,0,0,0,0,0,1
2022/3/28,0.006568,1,0,0,0,0,0,0
2022/3/29,0.007166,0,1,0,0,0,0,0
2022/3/30,-0.008492,0,0,1,0,0,0,0
2022/3/31,-0.032382,0,0,0,1,0,0,0
2022/4/1,0.015041,0,0,0,0,1,0,0
